run_date,match_date,league,home_team,away_team,side,team,line,model,lambda_our,lambda_bk,scaling_factor,elo_multiplier,depletion_multiplier,absent_count,k_dispersion,p_over_raw,p_over,fair_odds_over,fair_odds_under,offered_odds_over,implied_probability,edge,odds_source,recommended
2026-04-22,2026-04-22,SP1,barcelona,celta de vigo,home,barcelona,2.5,nb,3.636,6.908,1.9,1.12,1.0,0,16.807239297812842,0.942962338531232,0.8843152206580409,1.1308184871632936,8.644179516857998,,,,missing,True
2026-04-22,2026-04-22,SP1,barcelona,celta de vigo,home,barcelona,3.5,nb,3.636,6.908,1.9,1.12,1.0,0,16.807239297812842,0.871833288910195,0.8775954039985135,1.1394772527793386,8.169627878906248,,,,missing,True
2026-04-22,2026-04-22,N1,telstar,sparta r.,home,telstar,2.5,nb,3.439,6.362,1.85,1.019,1.0,0,200.0,0.9499364971379419,0.85016481725059,1.1762425116978763,6.673999935465342,,,,missing,True
2026-04-22,2026-04-22,N1,telstar,sparta r.,home,telstar,3.5,nb,3.439,6.362,1.85,1.019,1.0,0,200.0,0.8743613842953497,0.8380305295921708,1.1932739496813463,6.174003023422016,,,,missing,True
2026-04-22,2026-04-22,B1,royale union sg,gent,home,royale union sg,2.5,nb,3.624,6.16,1.7,1.0,1.0,0,33.788690265360415,0.9296127271893192,0.8319556537703429,1.2019871437475018,5.950810142897363,,,,missing,True
2026-04-22,2026-04-22,N1,telstar,sparta r.,away,sparta r.,2.5,nb,3.506,6.487,1.85,1.009,1.0,0,12.049692281395732,0.9172571764026376,0.8178024378156556,1.2227892138240535,5.4885476403258195,,,,missing,True
2026-04-22,2026-04-22,N1,telstar,sparta r.,away,sparta r.,3.5,nb,3.506,6.487,1.85,1.009,1.0,0,12.049692281395732,0.829308408473452,0.8148882612488334,1.2271621123459049,5.4021425477734475,,,,missing,True
2026-04-22,2026-04-22,B1,club brugge kv,kv mechelen,home,club brugge kv,2.5,nb,3.319,5.643,1.7,1.0,1.0,0,33.788690265360415,0.9032089921840128,0.8001277144175527,1.249800478074857,5.003194900613172,,,,missing,True
2026-04-22,2026-04-22,SP1,real sociedad,getafe,home,real sociedad,2.5,nb,2.931,5.569,1.9,0.995,1.0,0,16.807239297812842,0.8822775255508277,0.7999040196193596,1.250149987339553,4.997601641460818,,,,missing,True
2026-04-22,2026-04-22,F1,psg,fc nantes,home,psg,2.5,nb,3.234,6.145,1.9,1.125,1.0,0,13.770660171331432,0.9071960821437991,0.7996426827922771,1.250558557614876,4.991083000793218,,,,missing,True
2026-04-22,2026-04-22,E1,middlesbrough,sheff wed,home,middlesbrough,3.5,nb,2.924,6.141,2.1,1.101,1.0,0,12.14753599691264,0.8032868389467622,0.7968373975507677,1.2549611791234843,4.922165732986644,,,,missing,True
2026-04-22,2026-04-22,F1,psg,fc nantes,home,psg,3.5,nb,3.234,6.145,1.9,1.125,1.0,0,13.770660171331432,0.8095893381750241,0.796594640435816,1.2553436205055324,4.9162913019725645,,,,missing,True
2026-04-22,2026-04-22,E1,middlesbrough,sheff wed,home,middlesbrough,2.5,nb,2.924,6.141,2.1,1.101,1.0,0,12.14753599691264,0.9022527260552831,0.79603232221721,1.2562303967942827,4.90273758504484,,,,missing,True
2026-04-22,2026-04-22,SP1,real sociedad,getafe,home,real sociedad,3.5,nb,2.931,5.569,1.9,0.995,1.0,0,16.807239297812842,0.7644640827131197,0.7932872330612101,1.2605774533155003,4.837630567327811,,,,missing,True
2026-04-22,2026-04-22,RS1,vojvodina,partizan,home,vojvodina,2.5,nb,3.033,5.46,1.8,1.072,1.0,0,6.781721088124702,0.8310574277404783,0.7636869762616324,1.3094370220835203,4.231675360843181,,,,missing,True
2026-04-22,2026-04-22,RS1,vojvodina,partizan,home,vojvodina,3.5,nb,3.033,5.46,1.8,1.072,1.0,0,6.781721088124702,0.7062127626251782,0.7571296742050665,1.3207777136062333,4.117423554017652,,,,missing,True
2026-04-22,2026-04-22,SP1,elche cf,atlético,home,elche cf,2.5,nb,2.641,5.018,1.9,0.969,1.0,0,16.807239297812842,0.8417577035848667,0.751158060899885,1.331277732414937,4.018615204560339,,,,missing,True
2026-04-22,2026-04-22,SP1,elche cf,atlético,home,elche cf,3.5,nb,2.641,5.018,1.9,0.969,1.0,0,16.807239297812842,0.7005150877091231,0.7442513383166193,1.3436321152768693,3.9100888873389668,,,,missing,True
2026-04-22,2026-04-22,DK1,vejle,silkeborg,home,vejle,3.5,nb,3.215,5.788,1.8,1.0,1.0,0,9.013113655282767,0.7559412818901703,0.7427577081312232,1.3463340589436599,3.887385673387311,,,,missing,True
2026-04-22,2026-04-22,DK1,vejle,silkeborg,home,vejle,2.5,nb,3.215,5.788,1.8,1.0,1.0,0,9.013113655282767,0.8692766170928682,0.7396345438399834,1.352019059045389,3.840755278171062,,,,missing,True
2026-04-22,2026-04-22,DK1,fc copenhagen,odense,home,fc copenhagen,3.5,nb,3.16,5.687,1.8,1.0,1.0,0,9.013113655282767,0.7465558366215215,0.738785635963766,1.3535726079669548,3.828273394112762,,,,missing,True
2026-04-22,2026-04-22,DK1,fc copenhagen,odense,home,fc copenhagen,2.5,nb,3.16,5.687,1.8,1.0,1.0,0,9.013113655282767,0.8632505747396725,0.7357327868165784,1.3591891212662577,3.784048682974243,,,,missing,True
2026-04-22,2026-04-22,RS1,radnik,novi pazar,home,radnik,2.5,nb,2.632,4.738,1.8,0.988,1.0,0,6.781721088124702,0.7729217278339042,0.7270548144623552,1.375412114889141,3.663739289008559,,,,missing,True
2026-04-22,2026-04-22,RS1,zeleznicar pancevo,crvena zvezda,away,crvena zvezda,2.5,nb,3.148,5.667,1.8,1.0,1.0,0,5.448721235059428,0.8285106658624184,0.7235806150515524,1.3820160175639224,3.617691285242171,,,,missing,True
2026-04-22,2026-04-22,E1,birmingham,preston,home,birmingham,3.5,nb,2.459,5.163,2.1,1.017,1.0,0,12.14753599691264,0.7060418417891448,0.7235222601454483,1.3821274825725085,3.6169277155046045,,,,missing,True
2026-04-22,2026-04-22,E1,birmingham,preston,home,birmingham,2.5,nb,2.459,5.163,2.1,1.017,1.0,0,12.14753599691264,0.8412766287766633,0.7211154303700742,1.3867405381781985,3.585712903826052,,,,missing,True
2026-04-22,2026-04-22,RS1,radnik,novi pazar,home,radnik,3.5,nb,2.632,4.738,1.8,0.988,1.0,0,6.781721088124702,0.6250641045414208,0.7206719136217217,1.3875939676551579,3.580019513847799,,,,missing,True
2026-04-22,2026-04-22,DK1,viborg,brondby,home,viborg,3.5,nb,2.802,5.044,1.8,1.0,1.0,0,9.013113655282767,0.677700836365927,0.7111221439574635,1.4062281824538654,3.4616706648942754,,,,missing,True
2026-04-22,2026-04-22,SP1,barcelona,celta de vigo,home,barcelona,4.5,nb,3.636,6.908,1.9,1.12,1.0,0,16.807239297812842,0.7692367029046913,0.7109671551882063,1.4065347361022342,3.4598144050070117,,,,missing,True
2026-04-22,2026-04-22,DK1,viborg,brondby,home,viborg,2.5,nb,2.802,5.044,1.8,1.0,1.0,0,9.013113655282767,0.8170715317818619,0.7088549263593468,1.4107258944167373,3.4347137923214643,,,,missing,True
2026-04-22,2026-04-22,RS1,zeleznicar pancevo,crvena zvezda,away,crvena zvezda,3.5,nb,3.148,5.667,1.8,1.0,1.0,0,5.448721235059428,0.7097169910452958,0.7058823515129977,1.4166666695329422,3.399999983490254,,,,missing,True
2026-04-22,2026-04-22,SP1,barcelona,celta de vigo,home,barcelona,5.5,nb,3.636,6.908,1.9,1.12,1.0,0,16.807239297812842,0.6448713766882068,0.6965130080053294,1.4357233655460293,3.2950341410928106,,,,missing,True
2026-04-22,2026-04-22,E0,burnley,man city,away,man city,3.5,nb,2.752,5.228,1.9,1.142,1.0,0,13.02124151863286,0.7166978796546303,0.6919265575821745,1.445240089489177,3.2459792449222125,,,,missing,True
2026-04-22,2026-04-22,RS1,zeleznicar pancevo,crvena zvezda,home,zeleznicar pancevo,2.5,nb,2.297,4.135,1.8,1.0,1.0,0,6.781721088124702,0.7086338048821151,0.6906852198711494,1.4478375549813485,3.2329525268188997,,,,missing,True
2026-04-22,2026-04-22,E0,burnley,man city,away,man city,2.5,nb,2.752,5.228,1.9,1.142,1.0,0,13.02124151863286,0.8492536204007142,0.6897557185440988,1.4497886325766882,3.223266502471028,,,,missing,True
2026-04-22,2026-04-22,RS1,zeleznicar pancevo,crvena zvezda,home,zeleznicar pancevo,3.5,nb,2.297,4.135,1.8,1.0,1.0,0,6.781721088124702,0.5423436770563195,0.6838081885600124,1.4623983987466362,3.1626372468212933,,,,missing,True
2026-04-22,2026-04-22,E1,sheff utd,blackburn,home,sheff utd,3.5,nb,2.201,4.622,2.1,1.029,1.0,0,12.14753599691264,0.6357966674614306,0.6723277511877176,1.4873698106815088,3.0518300027686576,,,,missing,True
2026-04-22,2026-04-22,SP1,elche cf,atlético,away,atlético,3.5,nb,2.637,5.011,1.9,1.06,1.0,0,6.6258830768191626,0.6565630945016288,0.6707070323893274,1.490963940601009,3.036809462576538,,,,missing,True
2026-04-22,2026-04-22,E1,sheff utd,blackburn,home,sheff utd,2.5,nb,2.201,4.622,2.1,1.029,1.0,0,12.14753599691264,0.7927295275970966,0.6699273344411479,1.4926992057044486,3.0296359085260263,,,,missing,True
2026-04-22,2026-04-22,RS1,ofk beograd mozzart bet,cukaricki,home,ofk beograd mozzart bet,2.5,nb,2.109,3.796,1.8,1.024,1.0,0,6.781721088124702,0.6648422946192363,0.6673804342801911,1.4983957404723118,3.0064376935732553,,,,missing,True
2026-04-22,2026-04-22,SP1,elche cf,atlético,away,atlético,2.5,nb,2.637,5.011,1.9,1.06,1.0,0,6.6258830768191626,0.7954955920330147,0.6626527840858686,1.5090859406551846,2.9643048847764635,,,,missing,True
2026-04-22,2026-04-22,RS1,ofk beograd mozzart bet,cukaricki,home,ofk beograd mozzart bet,3.5,nb,2.109,3.796,1.8,1.024,1.0,0,6.781721088124702,0.4896975888836381,0.6597630725951088,1.5156956209546633,2.9391283527845076,,,,missing,True
2026-04-22,2026-04-22,DK1,viborg,brondby,away,brondby,3.5,nb,2.534,4.56,1.8,1.0,1.0,0,13.63630578017372,0.6307918799127978,0.6518662046819333,1.5340571313831683,2.872458846135195,,,,missing,True
2026-04-22,2026-04-22,DK1,viborg,brondby,away,brondby,2.5,nb,2.534,4.56,1.8,1.0,1.0,0,13.63630578017372,0.7909596537279681,0.6506252693779911,1.5369830331920815,2.862256231925106,,,,missing,True
2026-04-22,2026-04-22,B1,club brugge kv,kv mechelen,away,kv mechelen,2.5,nb,2.349,3.994,1.7,1.0,1.0,0,7.649523503425791,0.6976857133007751,0.6461573203390818,1.5476107265568597,2.826114704303856,,,,missing,True
2026-04-22,2026-04-22,DK1,vejle,silkeborg,away,silkeborg,2.5,nb,2.266,4.08,1.8,1.0,1.0,0,13.63630578017372,0.7341587613823002,0.6396103412457769,1.5634518948713176,2.774774402397532,,,,missing,True
2026-04-22,2026-04-22,DK1,vejle,silkeborg,away,silkeborg,3.5,nb,2.266,4.08,1.8,1.0,1.0,0,13.63630578017372,0.5551452985624301,0.6392211379571799,1.5644038355737038,2.7717810138258936,,,,missing,True
2026-04-22,2026-04-22,E0,bournemouth,leeds,home,bournemouth,3.5,nb,2.343,4.451,1.9,1.065,1.0,0,9.252927093462455,0.6010939920483781,0.636849449391202,1.5702298258339593,2.7536788759470854,,,,missing,True
2026-04-22,2026-04-22,E0,bournemouth,leeds,home,bournemouth,2.5,nb,2.343,4.451,1.9,1.065,1.0,0,9.252927093462455,0.76209184116208,0.6332612228714432,1.5791271656673151,2.726736473927488,,,,missing,True
2026-04-22,2026-04-22,RS1,vojvodina,partizan,away,partizan,2.5,nb,2.335,4.203,1.8,1.032,1.0,0,5.448721235059428,0.7025680068663217,0.6312360046534155,1.5841935387526842,2.7117614859882004,,,,missing,True
2026-04-22,2026-04-22,E1,charlton,ipswich,away,ipswich,3.5,nb,2.248,4.72,2.1,1.064,1.0,0,5.199790616984847,0.607281751186569,0.6298108783739997,1.5877782273017065,2.7013219502713905,,,,missing,True
2026-04-22,2026-04-22,B1,royale union sg,gent,home,royale union sg,3.5,nb,3.624,6.16,1.7,1.0,1.0,0,33.788690265360415,0.8399684751828703,0.6290974268877317,1.5895789066364425,2.696125809020232,,,,missing,True
2026-04-22,2026-04-22,DK1,fc copenhagen,odense,away,odense,2.5,nb,1.966,3.539,1.8,1.0,1.0,0,13.63630578017372,0.6540020528679913,0.6261510494275422,1.5970587303403048,2.674877108705924,,,,missing,True
2026-04-22,2026-04-22,RS1,ofk beograd mozzart bet,cukaricki,away,cukaricki,2.5,nb,2.284,4.112,1.8,1.018,1.0,0,5.448721235059428,0.6919959700877294,0.6242879402685183,1.6018249520724053,2.6616127273494805,,,,missing,True
2026-04-22,2026-04-22,DK1,fc copenhagen,odense,away,odense,3.5,nb,1.966,3.539,1.8,1.0,1.0,0,13.63630578017372,0.458317997170685,0.6233089825873258,1.6043407490279504,2.6546956358783453,,,,missing,True
2026-04-22,2026-04-22,RS1,vojvodina,partizan,away,partizan,3.5,nb,2.335,4.203,1.8,1.032,1.0,0,5.448721235059428,0.5427621160014942,0.6225854382322676,1.6062052508637867,2.6496062984856894,,,,missing,True
2026-04-22,2026-04-22,B1,royale union sg,gent,home,royale union sg,4.5,nb,3.624,6.16,1.7,1.0,1.0,0,33.788690265360415,0.7128341874203676,0.6168110620779967,1.6212420001532795,2.6096786755455517,,,,missing,True
2026-04-22,2026-04-22,RS1,ofk beograd mozzart bet,cukaricki,away,cukaricki,3.5,nb,2.284,4.112,1.8,1.018,1.0,0,5.448721235059428,0.5298771146055182,0.6162470174763854,1.6227259063989221,2.6058429394446834,,,,missing,True
2026-04-22,2026-04-22,E1,charlton,ipswich,away,ipswich,2.5,nb,2.248,4.72,2.1,1.064,1.0,0,5.199790616984847,0.7522304045678252,0.6157354416403561,1.6240741272516976,2.602373750701391,,,,missing,True
2026-04-22,2026-04-22,N1,telstar,sparta r.,home,telstar,4.5,nb,3.439,6.362,1.85,1.019,1.0,0,200.0,0.7561180677254461,0.6087393657878272,1.6427391691776092,2.555841075127737,,,,missing,True
2026-04-22,2026-04-22,N1,telstar,sparta r.,away,sparta r.,4.5,nb,3.506,6.487,1.85,1.009,1.0,0,12.049692281395732,0.7135139117000286,0.6054246095347586,1.6517333194771429,2.5343699180552193,,,,missing,True
