event_id,match_date,player_a,player_b,short_a,short_b,winner_side,winner_name,loser_name,score,round,sets_a,sets_b,set1_games,tournament,surface,slug
dhtsfxdt,2026-07-18,Paula Badosa,Tamara Zidansek,Badosa P.,Zidansek T.,A,Paula Badosa,Tamara Zidansek,3-6 7-5 7-6,SF,"[3, 7, 7]","[6, 5, 6]",9,Iasi,Hard,iasi
KSlN0bLH,2026-07-18,Mayar Sherif,Oleksandra Oliynykova,Sherif M.,Oliynykova O.,A,Mayar Sherif,Oleksandra Oliynykova,6-3 6-1,SF,"[6, 6]","[3, 1]",9,Iasi,Hard,iasi
YkDYTYk3,2026-07-17,Tamara Zidansek,Marcinko Petra,Zidansek T.,Marcinko P.,A,Tamara Zidansek,Marcinko Petra,6-3 7-5,QF,"[6, 7]","[3, 5]",9,Iasi,Hard,iasi
S2cKSMKH,2026-07-17,Panna Udvardy,Paula Badosa,Udvardy P.,Badosa P.,B,Paula Badosa,Panna Udvardy,4-6 6-7,QF,"[4, 6]","[6, 7]",10,Iasi,Hard,iasi
lOSew9te,2026-07-17,Oleksandra Oliynykova,Clara Burel,Oliynykova O.,Burel C.,A,Oleksandra Oliynykova,Clara Burel,6-4 7-5,QF,"[6, 7]","[4, 5]",10,Iasi,Hard,iasi
O03HBhYo,2026-07-17,Yulia Putintseva,Mayar Sherif,Putintseva Y.,Sherif M.,B,Mayar Sherif,Yulia Putintseva,2-6 6-3 6-7,QF,"[2, 6, 6]","[6, 3, 7]",8,Iasi,Hard,iasi
hQCNwUcJ,2026-07-16,Panna Udvardy,Katarzyna Kawa,Udvardy P.,Kawa K.,A,Panna Udvardy,Katarzyna Kawa,1-6 7-5 6-2,R16,"[1, 7, 6]","[6, 5, 2]",7,Iasi,Hard,iasi
Qcw3OrNc,2026-07-16,Ibragimova Alevtina,Paula Badosa,Ibragimova A.,Badosa P.,B,Paula Badosa,Ibragimova Alevtina,6-7 6-1 4-6,R16,"[6, 6, 4]","[7, 1, 6]",13,Iasi,Hard,iasi
zuyUyWb5,2026-07-16,Oleksandra Oliynykova,Elena Pridankina,Oliynykova O.,Pridankina E.,A,Oleksandra Oliynykova,Elena Pridankina,6-1 6-2,R16,"[6, 6]","[1, 2]",7,Iasi,Hard,iasi
ABpWEjZP,2026-07-16,Mayar Sherif,Kaitlin Quevedo,Sherif M.,Quevedo K.,A,Mayar Sherif,Kaitlin Quevedo,6-3 7-6,R16,"[6, 7]","[3, 6]",9,Iasi,Hard,iasi
QsPQloFN,2026-07-15,Elina Avanesyan,Marcinko Petra,Avanesyan E.,Marcinko P.,B,Marcinko Petra,Elina Avanesyan,6-7 6-7,R16,"[6, 6]","[7, 7]",13,Iasi,Hard,iasi
dhOsaE3F,2026-07-15,Clara Burel,Elsa Jacquemot,Burel C.,Jacquemot E.,A,Clara Burel,Elsa Jacquemot,6-1 6-1,R16,"[6, 6]","[1, 1]",7,Iasi,Hard,iasi
viY4Vo6t,2026-07-15,Anna Bondar,Tamara Zidansek,Bondar A.,Zidansek T.,B,Tamara Zidansek,Anna Bondar,6-7 7-6 5-7,R16,"[6, 7, 5]","[7, 6, 7]",13,Iasi,Hard,iasi
0OyI79Mi,2026-07-15,Yulia Putintseva,Alina Charaeva,Putintseva Y.,Charaeva A.,A,Yulia Putintseva,Alina Charaeva,6-3 6-3,R16,"[6, 6]","[3, 3]",9,Iasi,Hard,iasi
trm8LFQp,2026-07-14,Katarzyna Kawa,Simona Waltert,Kawa K.,Waltert S.,A,Katarzyna Kawa,Simona Waltert,6-1 6-4,R32,"[6, 6]","[1, 4]",7,Iasi,Hard,iasi
QDeo3lgo,2026-07-14,Ilinca Dalina Amariei,Elsa Jacquemot,Amariei I. D.,Jacquemot E.,B,Elsa Jacquemot,Ilinca Dalina Amariei,4-6 6-7,R32,"[4, 6]","[6, 7]",10,Iasi,Hard,iasi
tGh1scm4,2026-07-14,Paula Badosa,Anhelina Kalinina,Badosa P.,Kalinina A.,A,Paula Badosa,Anhelina Kalinina,6-3 6-1,R32,"[6, 6]","[3, 1]",9,Iasi,Hard,iasi
fmzVA0Ci,2026-07-14,Panna Udvardy,Gormaz Leyre Romero,Udvardy P.,Romero Gormaz L.,A,Panna Udvardy,Gormaz Leyre Romero,6-3 4-6 6-3,R32,"[6, 4, 6]","[3, 6, 3]",9,Iasi,Hard,iasi
xfQOaz4j,2026-07-14,Miriam Bianca Bulgaru,Elena Pridankina,Bulgaru M.,Pridankina E.,B,Elena Pridankina,Miriam Bianca Bulgaru,5-7 1-6,R32,"[5, 1]","[7, 6]",12,Iasi,Hard,iasi
tOvg5dtT,2026-07-14,Oleksandra Oliynykova,Ipek Oz,Oliynykova O.,Oz I.,A,Oleksandra Oliynykova,Ipek Oz,7-6 7-6,R32,"[7, 7]","[6, 6]",13,Iasi,Hard,iasi
S0Yx9vs4,2026-07-14,Dominika Salkova,Ibragimova Alevtina,Salkova D.,Ibragimova A.,B,Ibragimova Alevtina,Dominika Salkova,2-6 5-7,R32,"[2, 5]","[6, 7]",8,Iasi,Hard,iasi
OKqm0JHF,2026-07-14,Yulia Putintseva,Claire Liu,Putintseva Y.,Liu C.,A,Yulia Putintseva,Claire Liu,7-5 6-2,R32,"[7, 6]","[5, 2]",12,Iasi,Hard,iasi
hIvmT6Sg,2026-07-14,Mayar Sherif,Dalma Galfi,Sherif M.,Galfi D.,A,Mayar Sherif,Dalma Galfi,6-2 6-0,R32,"[6, 6]","[2, 0]",8,Iasi,Hard,iasi
YkkgqJIi,2026-07-14,Emiliana Arango,Tamara Zidansek,Arango E.,Zidansek T.,B,Tamara Zidansek,Emiliana Arango,7-5 2-6 3-6,R32,"[7, 2, 3]","[5, 6, 6]",12,Iasi,Hard,iasi
zRyo7IBG,2026-07-14,Elina Avanesyan,Moyuka Uchijima,Avanesyan E.,Uchijima M.,A,Elina Avanesyan,Moyuka Uchijima,6-2 6-4,R32,"[6, 6]","[2, 4]",8,Iasi,Hard,iasi
Yet3PORI,2026-07-14,Kaitlin Quevedo,Elena Gabriela Ruse,Quevedo K.,Ruse G.,A,Kaitlin Quevedo,Elena Gabriela Ruse,6-3 6-1,R32,"[6, 6]","[3, 1]",9,Iasi,Hard,iasi
fDJELd9C,2026-07-13,Clara Burel,Varvara Lepchenko,Burel C.,Lepchenko V.,A,Clara Burel,Varvara Lepchenko,2-6 7-5 6-3,R32,"[2, 7, 6]","[6, 5, 3]",8,Iasi,Hard,iasi
QVxeRpc6,2026-07-13,Nadia Podoroska,Marcinko Petra,Podoroska N.,Marcinko P.,B,Marcinko Petra,Nadia Podoroska,2-6 6-3 4-6,R32,"[2, 6, 4]","[6, 3, 6]",8,Iasi,Hard,iasi
AeQzvOtC,2026-07-13,Anna Bondar,Tormo Sara Sorribes,Bondar A.,Sorribes Tormo S.,A,Anna Bondar,Tormo Sara Sorribes,7-5 6-4,R32,"[7, 6]","[5, 4]",12,Iasi,Hard,iasi
2VMSupCa,2026-07-13,Alina Charaeva,Kasintseva Victoria Jimenez,Charaeva A.,Jimenez Kasintseva V.,A,Alina Charaeva,Kasintseva Victoria Jimenez,6-0 6-1,R32,"[6, 6]","[0, 1]",6,Iasi,Hard,iasi
8hofl8Xi,2026-07-13,Varvara Lepchenko,Ibragimova Alevtina,Lepchenko V.,Ibragimova A.,B,Ibragimova Alevtina,Varvara Lepchenko,3-6 4-6,F,"[3, 4]","[6, 6]",9,Iasi,Hard,iasi
QDNKNm7D,2026-07-13,Claire Liu,Ipek Oz,Liu C.,Oz I.,A,Claire Liu,Ipek Oz,6-4 6-1,F,"[6, 6]","[4, 1]",10,Iasi,Hard,iasi
C2ctcKAO,2026-07-13,Gormaz Leyre Romero,Zhibek Kulambayeva,Romero Gormaz L.,Kulambayeva Z.,A,Gormaz Leyre Romero,Zhibek Kulambayeva,6-1 6-4,F,"[6, 6]","[1, 4]",7,Iasi,Hard,iasi
8IfCrUsm,2026-07-13,Elina Avanesyan,Irina Fetecau,Avanesyan E.,Fetecau I.,A,Elina Avanesyan,Irina Fetecau,6-2 6-2,F,"[6, 6]","[2, 2]",8,Iasi,Hard,iasi
2R2uqn3t,2026-07-13,Elena Pridankina,Perez Georgina Garcia,Pridankina E.,Garcia-Perez G.,A,Elena Pridankina,Perez Georgina Garcia,6-1 6-1,F,"[6, 6]","[1, 1]",7,Iasi,Hard,iasi
OdLAyM1U,2026-07-13,Ilinca Dalina Amariei,Carmen Andreea Herea,Amariei I. D.,Herea C. A.,A,Ilinca Dalina Amariei,Carmen Andreea Herea,3-6 6-4 6-2,F,"[3, 6, 6]","[6, 4, 2]",9,Iasi,Hard,iasi
Qs1xqrDb,2026-07-18,Martina Trevisan,Francesca Jones,Trevisan M.,Jones F.,B,Francesca Jones,Martina Trevisan,6-2 1-6 1-6,SF,"[6, 1, 1]","[2, 6, 6]",8,Rome,Clay,rome
IgypwvZ8,2026-07-18,Lucia Bronzetti,Nuria Brancaccio,Bronzetti L.,Brancaccio N.,A,Lucia Bronzetti,Nuria Brancaccio,6-4 5-7 6-0,SF,"[6, 5, 6]","[4, 7, 0]",10,Rome,Clay,rome
pKD3VIyh,2026-07-17,Deborah Chiesa,Lucia Bronzetti,Chiesa D.,Bronzetti L.,B,Lucia Bronzetti,Deborah Chiesa,6-2 3-6 2-6,QF,"[6, 3, 2]","[2, 6, 6]",8,Rome,Clay,rome
vu6E3RLU,2026-07-17,Nuria Brancaccio,Julia Riera,Brancaccio N.,Riera J.,A,Nuria Brancaccio,Julia Riera,6-3 1-6 7-6,QF,"[6, 1, 7]","[3, 6, 6]",9,Rome,Clay,rome
YDFZztie,2026-07-17,Elizara Yaneva,Martina Trevisan,Yaneva E.,Trevisan M.,B,Martina Trevisan,Elizara Yaneva,6-4 2-6 2-6,QF,"[6, 2, 2]","[4, 6, 6]",10,Rome,Clay,rome
pCskqPpo,2026-07-17,Francesca Jones,Noha Noma Akugue,Jones F.,Noha Akugue N.,A,Francesca Jones,Noha Noma Akugue,6-3 6-1,QF,"[6, 6]","[3, 1]",9,Rome,Clay,rome
hzKLYBj3,2026-07-16,Nuria Brancaccio,Eva Vedder,Brancaccio N.,Vedder E.,A,Nuria Brancaccio,Eva Vedder,6-1 6-2,R16,"[6, 6]","[1, 2]",7,Rome,Clay,rome
Isq52ShA,2026-07-16,Teodora Kostovic,Lucia Bronzetti,Kostovic T.,Bronzetti L.,B,Lucia Bronzetti,Teodora Kostovic,4-6 4-6,R16,"[4, 4]","[6, 6]",10,Rome,Clay,rome
4MaPrDmQ,2026-07-16,Danka Kovinic,Julia Riera,Kovinic D.,Riera J.,B,Julia Riera,Danka Kovinic,6-3 5-7 5-7,R16,"[6, 5, 5]","[3, 7, 7]",9,Rome,Clay,rome
8OVEPUJP,2026-07-16,Aurora Zantedeschi,Martina Trevisan,Zantedeschi A.,Trevisan M.,B,Martina Trevisan,Aurora Zantedeschi,1-6 6-7,R16,"[1, 6]","[6, 7]",7,Rome,Clay,rome
E5Kz3zjm,2026-07-15,Darya Astakhova,Noha Noma Akugue,Astakhova D.,Noha Akugue N.,B,Noha Noma Akugue,Darya Astakhova,7-5 2-6 3-6,R16,"[7, 2, 3]","[5, 6, 6]",12,Rome,Clay,rome
t6Dvady8,2026-07-15,Francesca Jones,Federica Urgesi,Jones F.,Urgesi F.,A,Francesca Jones,Federica Urgesi,2-6 6-4 6-1,R16,"[2, 6, 6]","[6, 4, 1]",8,Rome,Clay,rome
CxnJpgzJ,2026-07-15,Lola Radivojevic,Deborah Chiesa,Radivojevic L.,Chiesa D.,B,Deborah Chiesa,Lola Radivojevic,2-6 2-6,R16,"[2, 2]","[6, 6]",8,Rome,Clay,rome
Sb50UpWG,2026-07-15,Elizara Yaneva,Sofya Lansere,Yaneva E.,Lansere S.,A,Elizara Yaneva,Sofya Lansere,6-2 7-6,R16,"[6, 7]","[2, 6]",8,Rome,Clay,rome
WCZoMzW8,2026-07-14,Francesca Pace,Eva Vedder,Pace F.,Vedder E.,B,Eva Vedder,Francesca Pace,4-6 4-6,R32,"[4, 4]","[6, 6]",10,Rome,Clay,rome
ObdvmYA5,2026-07-14,Alessandra Mazzola,Lucia Bronzetti,Mazzola A.,Bronzetti L.,B,Lucia Bronzetti,Alessandra Mazzola,5-7 1-6,R32,"[5, 1]","[7, 6]",12,Rome,Clay,rome
tlzuBAN7,2026-07-14,Nuria Brancaccio,Jessica Pieri,Brancaccio N.,Pieri J.,A,Nuria Brancaccio,Jessica Pieri,6-2 6-2,R32,"[6, 6]","[2, 2]",8,Rome,Clay,rome
46s0bXw2,2026-07-14,Martina Trevisan,Tyra Caterina Grant,Trevisan M.,Grant T. C.,A,Martina Trevisan,Tyra Caterina Grant,6-0 6-3,R32,"[6, 6]","[0, 3]",6,Rome,Clay,rome
4QXgKE0L,2026-07-14,Fiona Ferro,Aurora Zantedeschi,Ferro F.,Zantedeschi A.,B,Aurora Zantedeschi,Fiona Ferro,4-6 6-2 3-6,R32,"[4, 6, 3]","[6, 2, 6]",10,Rome,Clay,rome
fgaKoffd,2026-07-14,Teodora Kostovic,Jennifer Ruggeri,Kostovic T.,Ruggeri J.,A,Teodora Kostovic,Jennifer Ruggeri,6-2 6-3,R32,"[6, 6]","[2, 3]",8,Rome,Clay,rome
rLfOjGBt,2026-07-14,Danka Kovinic,Noemi Basiletti,Kovinic D.,Basiletti N.,A,Danka Kovinic,Noemi Basiletti,6-2 1-6 6-4,R32,"[6, 1, 6]","[2, 6, 4]",8,Rome,Clay,rome
0AYOEhOr,2026-07-14,Julia Riera,Darja Semenistaja,Riera J.,Semenistaja D.,A,Julia Riera,Darja Semenistaja,6-1 4-6 6-1,R32,"[6, 4, 6]","[1, 6, 1]",7,Rome,Clay,rome
GYhWlftg,2026-07-13,Yelyzaveta Kotliar,Federica Urgesi,Kotliar Y.,Urgesi F.,B,Federica Urgesi,Yelyzaveta Kotliar,3-6 0-6,R32,"[3, 0]","[6, 6]",9,Rome,Clay,rome
WOanoCuI,2026-07-13,Sofya Lansere,Elena Malygina,Lansere S.,Malygina E.,A,Sofya Lansere,Elena Malygina,4-6 6-1 6-4,R32,"[4, 6, 6]","[6, 1, 4]",10,Rome,Clay,rome
8zxXCWhe,2026-07-13,Oksana Selekhmeteva,Elizara Yaneva,Selekhmeteva O.,Yaneva E.,B,Elizara Yaneva,Oksana Selekhmeteva,3-6 2-6,R32,"[3, 2]","[6, 6]",9,Rome,Clay,rome
8fSQYDFE,2026-07-13,Alice Rame,Noha Noma Akugue,Rame A.,Noha Akugue N.,B,Noha Noma Akugue,Alice Rame,1-6 5-7,R32,"[1, 5]","[6, 7]",7,Rome,Clay,rome
fDkE7yHF,2026-07-13,Lina Gjorcheska,Deborah Chiesa,Gjorcheska L.,Chiesa D.,B,Deborah Chiesa,Lina Gjorcheska,7-6 3-6 3-6,R32,"[7, 3, 3]","[6, 6, 6]",13,Rome,Clay,rome
nmn69cn3,2026-07-13,Persson Kajsa Rinaldo,Darya Astakhova,Rinaldo Persson K.,Astakhova D.,B,Darya Astakhova,Persson Kajsa Rinaldo,3-6 1-6,R32,"[3, 1]","[6, 6]",9,Rome,Clay,rome
0AhM5FoS,2026-07-13,Francesca Jones,Dalila Spiteri,Jones F.,Spiteri D.,A,Francesca Jones,Dalila Spiteri,1-6 6-1 6-0,R32,"[1, 6, 6]","[6, 1, 0]",7,Rome,Clay,rome
dtvh0g9k,2026-07-13,Lola Radivojevic,Yufei Ren,Radivojevic L.,Ren Y.,A,Lola Radivojevic,Yufei Ren,6-4 6-0,R32,"[6, 6]","[4, 0]",10,Rome,Clay,rome
rR3paQSF,2026-07-18,Veronika Erjavec,Julia Grabher,Erjavec V.,Grabher J.,B,Julia Grabher,Veronika Erjavec,1-6 4-6,SF,"[1, 4]","[6, 6]",7,Kitzbuhel,Hard,kitzbuhel
04VzZjG5,2026-07-18,Ribera Marina Bassols,Sinja Kraus,Bassols M.,Kraus S.,B,Sinja Kraus,Ribera Marina Bassols,6-3 4-6 1-6,SF,"[6, 4, 1]","[3, 6, 6]",9,Kitzbuhel,Hard,kitzbuhel
6LtA7tMU,2026-07-17,Veronika Erjavec,Gina Feistel,Erjavec V.,Feistel G.,A,Veronika Erjavec,Gina Feistel,6-2 7-5,QF,"[6, 7]","[2, 5]",8,Kitzbuhel,Hard,kitzbuhel
OMvNiwQF,2026-07-17,Julia Grabher,Jeline Vandromme,Grabher J.,Vandromme J.,A,Julia Grabher,Jeline Vandromme,6-2 7-6,QF,"[6, 7]","[2, 6]",8,Kitzbuhel,Hard,kitzbuhel
UL8Tdfwo,2026-07-17,Ribera Marina Bassols,Maria Lourdes Carle,Bassols M.,Carle M. L.,A,Ribera Marina Bassols,Maria Lourdes Carle,6-2 6-1,QF,"[6, 6]","[2, 1]",8,Kitzbuhel,Hard,kitzbuhel
YalKIwXF,2026-07-17,Erika Andreeva,Sinja Kraus,Andreeva E.,Kraus S.,B,Sinja Kraus,Erika Andreeva,4-6 1-6,QF,"[4, 1]","[6, 6]",10,Kitzbuhel,Hard,kitzbuhel
h0aqabJ5,2026-07-16,Ribera Marina Bassols,Arantxa Rus,Bassols M.,Rus A.,A,Ribera Marina Bassols,Arantxa Rus,0-6 6-1 6-1,R16,"[0, 6, 6]","[6, 1, 1]",6,Kitzbuhel,Hard,kitzbuhel
U5viLry1,2026-07-16,Maria Lourdes Carle,Barbora Palicova,Carle M. L.,Palicova B.,A,Maria Lourdes Carle,Barbora Palicova,0-6 6-1 6-3,R16,"[0, 6, 6]","[6, 1, 3]",6,Kitzbuhel,Hard,kitzbuhel
fgLkUn6m,2026-07-16,Polona Hercog,Jeline Vandromme,Hercog P.,Vandromme J.,B,Jeline Vandromme,Polona Hercog,4-6 0-3,R16,"[4, 0]","[6, 3]",10,Kitzbuhel,Hard,kitzbuhel
bByBMMiA,2026-07-16,Gina Feistel,Laura Samsonova,Feistel G.,Samson L.,A,Gina Feistel,Laura Samsonova,6-3 6-1,R16,"[6, 6]","[3, 1]",9,Kitzbuhel,Hard,kitzbuhel
fgFZOGN0,2026-07-16,Eva Bennemann,Sinja Kraus,Bennemann E.,Kraus S.,B,Sinja Kraus,Eva Bennemann,1-6 1-6,R16,"[1, 1]","[6, 6]",7,Kitzbuhel,Hard,kitzbuhel
hGJ5BKHN,2026-07-15,Erika Andreeva,Mia Ristic,Andreeva E.,Ristic M.,A,Erika Andreeva,Mia Ristic,6-4 2-6 6-2,R16,"[6, 2, 6]","[4, 6, 2]",10,Kitzbuhel,Hard,kitzbuhel
0MSDVr7j,2026-07-15,Veronika Erjavec,Mona Barthel,Erjavec V.,Barthel M.,A,Veronika Erjavec,Mona Barthel,6-4 6-1,R16,"[6, 6]","[4, 1]",10,Kitzbuhel,Hard,kitzbuhel
rictUa87,2026-07-15,Julia Grabher,Ekaterina Perelygina,Grabher J.,Perelygina E.,A,Julia Grabher,Ekaterina Perelygina,7-5 6-3,R16,"[7, 6]","[5, 3]",12,Kitzbuhel,Hard,kitzbuhel
2qp0DlEl,2026-07-14,Vivian Wolff,Jeline Vandromme,Wolff V.,Vandromme J.,B,Jeline Vandromme,Vivian Wolff,1-6 6-7,R32,"[1, 6]","[6, 7]",7,Kitzbuhel,Hard,kitzbuhel
KMVmO5S6,2026-07-14,Leonie Rabl,Arantxa Rus,Rabl L.,Rus A.,B,Arantxa Rus,Leonie Rabl,1-6 0-6,R32,"[1, 0]","[6, 6]",7,Kitzbuhel,Hard,kitzbuhel
CdSuQRcf,2026-07-14,Maria Lourdes Carle,Deichmann Kathinka Von,Carle M. L.,Deichmann K.,A,Maria Lourdes Carle,Deichmann Kathinka Von,6-3 2-6 6-4,R32,"[6, 2, 6]","[3, 6, 4]",9,Kitzbuhel,Hard,kitzbuhel
A9m8BSr1,2026-07-14,Mona Barthel,Arabella Koller,Barthel M.,Koller A.,A,Mona Barthel,Arabella Koller,6-2 6-7 6-4,R32,"[6, 6, 6]","[2, 7, 4]",8,Kitzbuhel,Hard,kitzbuhel
hAbUIAjR,2026-07-14,Laura Pigossi,Laura Samsonova,Pigossi L.,Samson L.,B,Laura Samsonova,Laura Pigossi,7-5 4-6 6-7,R32,"[7, 4, 6]","[5, 6, 7]",12,Kitzbuhel,Hard,kitzbuhel
EPORcEw3,2026-07-14,Martina Colmegna,Barbora Palicova,Colmegna M.,Palicova B.,B,Barbora Palicova,Martina Colmegna,6-3 6-7 1-6,R32,"[6, 6, 1]","[3, 7, 6]",9,Kitzbuhel,Hard,kitzbuhel
Kd0MKWLE,2026-07-14,Ribera Marina Bassols,Anna Lena Friedsam,Bassols M.,Friedsam A-L.,A,Ribera Marina Bassols,Anna Lena Friedsam,6-2 6-1,R32,"[6, 6]","[2, 1]",8,Kitzbuhel,Hard,kitzbuhel
SnZeMqcJ,2026-07-14,Caijsa Wilda Hennemann,Sinja Kraus,Hennemann C. W.,Kraus S.,B,Sinja Kraus,Caijsa Wilda Hennemann,6-7 3-6,R32,"[6, 3]","[7, 6]",13,Kitzbuhel,Hard,kitzbuhel
6oYQw0cB,2026-07-13,Veronika Erjavec,Victoria Bosio,Erjavec V.,Bosio V.,A,Veronika Erjavec,Victoria Bosio,6-3 6-7 6-4,R32,"[6, 6, 6]","[3, 7, 4]",9,Kitzbuhel,Hard,kitzbuhel
GvAjfLsh,2026-07-13,Polona Hercog,Dalila Jakupovic,Hercog P.,Jakupovic D.,A,Polona Hercog,Dalila Jakupovic,6-2 2-6 6-4,R32,"[6, 2, 6]","[2, 6, 4]",8,Kitzbuhel,Hard,kitzbuhel
rNoG96DD,2026-07-13,Anastasia Tikhonova,Eva Bennemann,Tikhonova A.,Bennemann E.,B,Eva Bennemann,Anastasia Tikhonova,4-6 5-7,R32,"[4, 5]","[6, 7]",10,Kitzbuhel,Hard,kitzbuhel
AsN4WHko,2026-07-13,Avdeeva Julia,Gina Feistel,Avdeeva J.,Feistel G.,B,Gina Feistel,Avdeeva Julia,2-6 2-6,R32,"[2, 2]","[6, 6]",8,Kitzbuhel,Hard,kitzbuhel
vqUXRmTs,2026-07-13,Yasmine Kabbaj,Ekaterina Perelygina,Kabbaj Y.,Perelygina E.,B,Ekaterina Perelygina,Yasmine Kabbaj,6-2 4-6 3-6,R32,"[6, 4, 3]","[2, 6, 6]",8,Kitzbuhel,Hard,kitzbuhel
KtMspmkQ,2026-07-13,Mia Ristic,Mia Pohankova,Ristic M.,Pohankova M.,A,Mia Ristic,Mia Pohankova,6-3 7-5,R32,"[6, 7]","[3, 5]",9,Kitzbuhel,Hard,kitzbuhel
ATw2X95K,2026-07-13,Julia Grabher,Elena Ruxandra Bertea,Grabher J.,Bertea E. R.,A,Julia Grabher,Elena Ruxandra Bertea,6-3 5-7 6-4,R32,"[6, 5, 6]","[3, 7, 4]",9,Kitzbuhel,Hard,kitzbuhel
GQMCvRCm,2026-07-13,Despina Papamichail,Erika Andreeva,Papamichail D.,Andreeva E.,B,Erika Andreeva,Despina Papamichail,2-6 1-6,R32,"[2, 1]","[6, 6]",8,Kitzbuhel,Hard,kitzbuhel
4WMKuipo,2026-07-18,Noemi Basiletti,Laura Boehner,Basiletti N.,Boehner L.,A,Noemi Basiletti,Laura Boehner,6-2 6-2,SF,"[6, 6]","[2, 2]",8,Palermo,Hard,palermo
f300hUTj,2026-07-18,Smith Emily Webley,Mina Hodzic,Webley-Smith E.,Hodzic M.,B,Mina Hodzic,Smith Emily Webley,2-6 1-6,SF,"[2, 1]","[6, 6]",8,Palermo,Hard,palermo
4jDE1Y64,2026-07-18,Rasheeda Mcadoo,Isabella Shinikova,McAdoo R.,Shinikova I.,B,Isabella Shinikova,Rasheeda Mcadoo,4-6 4-6,SF,"[4, 4]","[6, 6]",10,Palermo,Hard,palermo
WxF63fxh,2026-07-18,Raluca Georgiana Serban,Anastasia Bertacchi,Serban R.,Bertacchi A.,A,Raluca Georgiana Serban,Anastasia Bertacchi,5-7 6-4 6-0,SF,"[5, 6, 6]","[7, 4, 0]",12,Palermo,Hard,palermo
bXfmba0C,2026-07-18,Yufei Ren,Carla Giambelli,Ren Y.,Giambelli C.,A,Yufei Ren,Carla Giambelli,5-7 6-4 6-3,SF,"[5, 6, 6]","[7, 4, 3]",12,Palermo,Hard,palermo
UayPh1dT,2026-07-19,Priscilla Hon,Carol Youngsuh Lee,Hon P.,Lee C. Y.,B,Carol Youngsuh Lee,Priscilla Hon,5-7 3-6,F,"[5, 3]","[7, 6]",12,Prague,Hard,prague
CK84cv0l,2026-07-19,Valentina Ryser,Mai Hontama,Ryser V.,Hontama M.,B,Mai Hontama,Valentina Ryser,2-6 2-6,F,"[2, 2]","[6, 6]",8,Prague,Hard,prague
IDaX6Trp,2026-07-18,Viktoria Morvayova,Ayla Aksu,Morvayova V.,Aksu A.,B,Ayla Aksu,Viktoria Morvayova,3-6 3-6,SF,"[3, 3]","[6, 6]",9,Prague,Hard,prague
4llZQlzG,2026-07-18,Veronika Podrez,Tereza Krejcova,Podrez V.,Krejcova T.,A,Veronika Podrez,Tereza Krejcova,3-6 6-2 6-1,SF,"[3, 6, 6]","[6, 2, 1]",9,Prague,Hard,prague
IXkRSA53,2026-07-18,Victoria Bervid,Rina Saigo,Bervid V.,Saigo R.,B,Rina Saigo,Victoria Bervid,1-6 2-6,SF,"[1, 2]","[6, 6]",7,Prague,Hard,prague
8pwDJ6Sk,2026-07-18,Rebeka Masarova,Valentina Ryser,Masarova R.,Ryser V.,B,Valentina Ryser,Rebeka Masarova,6-4 3-4,SF,"[6, 3]","[4, 4]",10,Prague,Hard,prague
Qw3u57Dd,2026-07-18,Sofia Costoulas,Nao Hibino,Costoulas S.,Hibino N.,A,Sofia Costoulas,Nao Hibino,6-7 7-5 6-4,SF,"[6, 7, 6]","[7, 5, 4]",13,Prague,Hard,prague
rHK4PdG8,2026-07-18,Barbora Palicova,Mai Hontama,Palicova B.,Hontama M.,B,Mai Hontama,Barbora Palicova,3-6 3-6,SF,"[3, 3]","[6, 6]",9,Prague,Hard,prague
nV81CkLM,2026-07-18,Aoi Ito,Gabriela Knutson,Ito A.,Knutson G.,B,Gabriela Knutson,Aoi Ito,4-6 4-6,SF,"[4, 4]","[6, 6]",10,Prague,Hard,prague
EHAgEBjA,2026-07-18,Dominika Salkova,Denisa Zoldakova,Salkova D.,Zoldakova D.,A,Dominika Salkova,Denisa Zoldakova,6-4 6-4,SF,"[6, 6]","[4, 4]",10,Prague,Hard,prague
GUICNzoL,2026-07-18,Kyoka Okamura,Carol Youngsuh Lee,Okamura K.,Lee C. Y.,B,Carol Youngsuh Lee,Kyoka Okamura,5-7 1-6,SF,"[5, 1]","[7, 6]",12,Prague,Hard,prague
CEisPS4S,2026-07-18,Susan Bandecchi,Xinyu Gao,Bandecchi S.,Gao X.,B,Xinyu Gao,Susan Bandecchi,5-7 3-6,SF,"[5, 3]","[7, 6]",12,Prague,Hard,prague
nD9rIE8r,2026-07-18,Priscilla Hon,Karman Kaur Thandi,Hon P.,Thandi K. K.,A,Priscilla Hon,Karman Kaur Thandi,6-3,SF,[6],[3],9,Prague,Hard,prague
GAtLHpc2,2026-07-18,Elena Micic,Linda Fruhvirtova,Micic E.,Fruhvirtova L.,B,Linda Fruhvirtova,Elena Micic,3-6 5-7,SF,"[3, 5]","[6, 7]",9,Prague,Hard,prague
fokNhsId,2026-07-18,Clara Tauson,Barbora Krejcikova,Tauson C.,Krejcikova B.,B,Barbora Krejcikova,Clara Tauson,1-6 6-4 3-6,SF,"[1, 6, 3]","[6, 4, 6]",7,Athens,Hard,athens
dI3HeLd4,2026-07-18,Maria Sakkari,Alina Korneeva,Sakkari M.,Korneeva A.,A,Maria Sakkari,Alina Korneeva,6-1 7-5,SF,"[6, 7]","[1, 5]",7,Athens,Hard,athens
WEWgLJef,2026-07-17,Clara Tauson,Sara Bejlek,Tauson C.,Bejlek S.,A,Clara Tauson,Sara Bejlek,6-2 6-3,QF,"[6, 6]","[2, 3]",8,Athens,Hard,athens
tdQn6Vcd,2026-07-17,Alycia Parks,Maria Sakkari,Parks A.,Sakkari M.,B,Maria Sakkari,Alycia Parks,4-6 3-6,QF,"[4, 3]","[6, 6]",10,Athens,Hard,athens
dUuzZfAm,2026-07-17,Barbora Krejcikova,Qinwen Zheng,Krejcikova B.,Zheng Q.,A,Barbora Krejcikova,Qinwen Zheng,6-4 6-4,QF,"[6, 6]","[4, 4]",10,Athens,Hard,athens
nZK2MDOa,2026-07-17,Tereza Valentova,Alina Korneeva,Valentova T.,Korneeva A.,B,Alina Korneeva,Tereza Valentova,5-7 3-6,QF,"[5, 3]","[7, 6]",12,Athens,Hard,athens
SEJSCUTq,2026-07-16,Clara Tauson,Miriana Tona,Tauson C.,Tona M.,A,Clara Tauson,Miriana Tona,6-4 6-0,R16,"[6, 6]","[4, 0]",10,Athens,Hard,athens
CKKhInCa,2026-07-16,Barbora Krejcikova,Carole Monnet,Krejcikova B.,Monnet C.,A,Barbora Krejcikova,Carole Monnet,6-0 6-2,R16,"[6, 6]","[0, 2]",6,Athens,Hard,athens
WfOg70X8,2026-07-16,Alina Korneeva,Ann Li,Korneeva A.,Li A.,A,Alina Korneeva,Ann Li,6-2 6-2,R16,"[6, 6]","[2, 2]",8,Athens,Hard,athens
SMZysJyf,2026-07-16,Tereza Valentova,Aliaksandra Sasnovich,Valentova T.,Sasnovich A.,A,Tereza Valentova,Aliaksandra Sasnovich,6-3 6-2,R16,"[6, 6]","[3, 2]",9,Athens,Hard,athens
noq8bFaf,2026-07-15,Lilli Tagger,Sara Bejlek,Tagger L.,Bejlek S.,B,Sara Bejlek,Lilli Tagger,2-6 2-6,R16,"[2, 2]","[6, 6]",8,Athens,Hard,athens
GxT6N6gD,2026-07-15,Mai Hontama,Alycia Parks,Hontama M.,Parks A.,B,Alycia Parks,Mai Hontama,7-6 2-6 5-7,R16,"[7, 2, 5]","[6, 6, 7]",13,Athens,Hard,athens
jqiIFo4d,2026-07-15,Harriet Dart,Maria Sakkari,Dart H.,Sakkari M.,B,Maria Sakkari,Harriet Dart,1-6 2-6,R16,"[1, 2]","[6, 6]",7,Athens,Hard,athens
jgQh80EL,2026-07-15,Elena Micic,Qinwen Zheng,Micic E.,Zheng Q.,B,Qinwen Zheng,Elena Micic,4-6 1-6,R16,"[4, 1]","[6, 6]",10,Athens,Hard,athens
2kVNPHyh,2026-07-14,Tereza Valentova,Sofia Costoulas,Valentova T.,Costoulas S.,A,Tereza Valentova,Sofia Costoulas,6-1 6-2,R32,"[6, 6]","[1, 2]",7,Athens,Hard,athens
6Tn67zMN,2026-07-14,Maria Timofeeva,Ann Li,Timofeeva M.,Li A.,B,Ann Li,Maria Timofeeva,2-6 1-6,R32,"[2, 1]","[6, 6]",8,Athens,Hard,athens
z3TVNe64,2026-07-14,Anna Blinkova,Aliaksandra Sasnovich,Blinkova A.,Sasnovich A.,B,Aliaksandra Sasnovich,Anna Blinkova,6-3 2-6 2-6,R32,"[6, 2, 2]","[3, 6, 6]",9,Athens,Hard,athens
SIBiCDsA,2026-07-14,Clara Tauson,Nao Hibino,Tauson C.,Hibino N.,A,Clara Tauson,Nao Hibino,7-5 6-4,R32,"[7, 6]","[5, 4]",12,Athens,Hard,athens
jims4BT6,2026-07-14,Sapfo Sakellaridi,Miriana Tona,Sakellaridi S.,Tona M.,B,Miriana Tona,Sapfo Sakellaridi,6-7 7-5 2-6,R32,"[6, 7, 2]","[7, 5, 6]",13,Athens,Hard,athens
jgznKD5T,2026-07-14,Carole Monnet,Rebeka Masarova,Monnet C.,Masarova R.,A,Carole Monnet,Rebeka Masarova,4-6 6-2 7-6,R32,"[4, 6, 7]","[6, 2, 6]",10,Athens,Hard,athens
IwkZ5Xbf,2026-07-14,Aoi Ito,Alina Korneeva,Ito A.,Korneeva A.,B,Alina Korneeva,Aoi Ito,2-6 1-6,R32,"[2, 1]","[6, 6]",8,Athens,Hard,athens
rTWwMZzH,2026-07-14,Barbora Krejcikova,Viktoriya Tomova,Krejcikova B.,Tomova V.,A,Barbora Krejcikova,Viktoriya Tomova,6-3 6-3,R32,"[6, 6]","[3, 3]",9,Athens,Hard,athens
vXN2xeLc,2026-07-13,Valentini Grammatikopoulou,Alycia Parks,Grammatikopoulou V.,Parks A.,B,Alycia Parks,Valentini Grammatikopoulou,6-7 4-6,R32,"[6, 4]","[7, 6]",13,Athens,Hard,athens
6sQY91HP,2026-07-13,Martha Matoula,Elena Micic,Matoula M.,Micic E.,B,Elena Micic,Martha Matoula,5-7 3-6,R32,"[5, 3]","[7, 6]",12,Athens,Hard,athens
QkojBIMb,2026-07-13,Polina Kudermetova,Maria Sakkari,Kudermetova P.,Sakkari M.,B,Maria Sakkari,Polina Kudermetova,0-6 6-7,R32,"[0, 6]","[6, 7]",6,Athens,Hard,athens
AwFC2J9a,2026-07-13,Mina Hodzic,Harriet Dart,Hodzic M.,Dart H.,B,Harriet Dart,Mina Hodzic,3-6 6-3 6-7,R32,"[3, 6, 6]","[6, 3, 7]",9,Athens,Hard,athens
2DB44uum,2026-07-13,Viktoria Morvayova,Sara Bejlek,Morvayova V.,Bejlek S.,B,Sara Bejlek,Viktoria Morvayova,0-6 5-7,R32,"[0, 5]","[6, 7]",6,Athens,Hard,athens
x8ok2kbJ,2026-07-13,Marianne Argyrokastriti,Lilli Tagger,Argyrokastriti M.,Tagger L.,B,Lilli Tagger,Marianne Argyrokastriti,1-6 1-6,R32,"[1, 1]","[6, 6]",7,Athens,Hard,athens
nPLHEiTj,2026-07-13,Qinwen Zheng,Maneiro Jessica Bouzas,Zheng Q.,Bouzas Maneiro J.,A,Qinwen Zheng,Maneiro Jessica Bouzas,7-5 6-1,R32,"[7, 6]","[5, 1]",12,Athens,Hard,athens
xCwx2Eqo,2026-07-13,Magda Linette,Mai Hontama,Linette M.,Hontama M.,B,Mai Hontama,Magda Linette,4-6 5-7,R32,"[4, 5]","[6, 7]",10,Athens,Hard,athens
xOPleHRs,2026-07-18,Anastasia Zakharova,De Winkel Hanne Van,Zakharova A.,Vandewinkel H.,B,De Winkel Hanne Van,Anastasia Zakharova,3-6 3-6,SF,"[3, 3]","[6, 6]",9,Istanbul-2,Hard,istanbul-2
nFjF2Kj5,2026-07-18,Vendula Valdmannova,Lanlana Tararudee,Valdmannova V.,Tararudee L.,B,Lanlana Tararudee,Vendula Valdmannova,2-6 0-6,SF,"[2, 0]","[6, 6]",8,Istanbul-2,Hard,istanbul-2
dYoBVITi,2026-07-17,De Winkel Hanne Van,Harmony Tan,Vandewinkel H.,Tan H.,A,De Winkel Hanne Van,Harmony Tan,6-1 1-0,QF,"[6, 1]","[1, 0]",7,Istanbul-2,Hard,istanbul-2
pAfJrYAr,2026-07-17,Vendula Valdmannova,Aliona Falei,Valdmannova V.,Falei A.,A,Vendula Valdmannova,Aliona Falei,6-2 6-3,QF,"[6, 6]","[2, 3]",8,Istanbul-2,Hard,istanbul-2
t2kErt7m,2026-07-17,Anastasia Zakharova,Tatiana Prozorova,Zakharova A.,Prozorova T.,A,Anastasia Zakharova,Tatiana Prozorova,6-3 6-3,QF,"[6, 6]","[3, 3]",9,Istanbul-2,Hard,istanbul-2
MyR3ymB7,2026-07-17,Vera Zvonareva,Lanlana Tararudee,Zvonareva V.,Tararudee L.,B,Lanlana Tararudee,Vera Zvonareva,3-6 2-6,QF,"[3, 2]","[6, 6]",9,Istanbul-2,Hard,istanbul-2
lM7Jp39t,2026-07-16,Anastasia Zakharova,Alexandra Shubladze,Zakharova A.,Shubladze A.,A,Anastasia Zakharova,Alexandra Shubladze,7-6 7-6,R16,"[7, 7]","[6, 6]",13,Istanbul-2,Hard,istanbul-2
0YYfGZae,2026-07-16,Xinyu Gao,Vendula Valdmannova,Gao X.,Valdmannova V.,B,Vendula Valdmannova,Xinyu Gao,4-6 3-6,R16,"[4, 3]","[6, 6]",10,Istanbul-2,Hard,istanbul-2
4Gj8u6ek,2026-07-16,Khomutsianskaya Daria,Tatiana Prozorova,Khomutsianskaya D.,Prozorova T.,B,Tatiana Prozorova,Khomutsianskaya Daria,4-6 3-6,R16,"[4, 3]","[6, 6]",10,Istanbul-2,Hard,istanbul-2
Q1c5qPAb,2026-07-16,Vera Zvonareva,Viktoria Kuzmova Hruncakova,Zvonareva V.,Hruncakova V.,A,Vera Zvonareva,Viktoria Kuzmova Hruncakova,7-6 6-3,R16,"[7, 6]","[6, 3]",13,Istanbul-2,Hard,istanbul-2
EDWX4WvH,2026-07-15,Gabriela Knutson,Lanlana Tararudee,Knutson G.,Tararudee L.,B,Lanlana Tararudee,Gabriela Knutson,6-4 4-6 1-6,R16,"[6, 4, 1]","[4, 6, 6]",10,Istanbul-2,Hard,istanbul-2
MmsD59Sg,2026-07-15,Kristina Penickova,Aliona Falei,Penickova K.,Falei A.,B,Aliona Falei,Kristina Penickova,5-7 6-3 3-6,R16,"[5, 6, 3]","[7, 3, 6]",12,Istanbul-2,Hard,istanbul-2
EVik1qeD,2026-07-15,Harmony Tan,Anastasia Gasanova,Tan H.,Gasanova A.,A,Harmony Tan,Anastasia Gasanova,6-1 6-4,R16,"[6, 6]","[1, 4]",7,Istanbul-2,Hard,istanbul-2
nPms5Sjt,2026-07-15,De Winkel Hanne Van,Weronika Falkowska,Vandewinkel H.,Falkowska W.,A,De Winkel Hanne Van,Weronika Falkowska,6-4 3-6 6-4,R16,"[6, 3, 6]","[4, 6, 4]",10,Istanbul-2,Hard,istanbul-2
bozeHWRj,2026-07-14,Viktoria Kuzmova Hruncakova,Cagla Buyukakcay,Hruncakova V.,Buyukakcay C.,A,Viktoria Kuzmova Hruncakova,Cagla Buyukakcay,6-0 6-4,R32,"[6, 6]","[0, 4]",6,Istanbul-2,Hard,istanbul-2
S2qPMh4T,2026-07-14,Linda Fruhvirtova,Xinyu Gao,Fruhvirtova L.,Gao X.,B,Xinyu Gao,Linda Fruhvirtova,6-7 6-4 3-6,R32,"[6, 6, 3]","[7, 4, 6]",13,Istanbul-2,Hard,istanbul-2
WvnpAFKN,2026-07-14,Polina Iatcenko,Vera Zvonareva,Iatcenko P.,Zvonareva V.,B,Vera Zvonareva,Polina Iatcenko,3-6 5-7,R32,"[3, 5]","[6, 7]",9,Istanbul-2,Hard,istanbul-2
OErxCyjB,2026-07-14,Aliona Falei,Yue 1998 Yuan,Falei A.,Yuan Y.,A,Aliona Falei,Yue 1998 Yuan,5-7 6-2 6-2,R32,"[5, 6, 6]","[7, 2, 2]",12,Istanbul-2,Hard,istanbul-2
SAXF4gro,2026-07-14,Ayla Aksu,Vendula Valdmannova,Aksu A.,Valdmannova V.,B,Vendula Valdmannova,Ayla Aksu,5-7 0-6,R32,"[5, 0]","[7, 6]",12,Istanbul-2,Hard,istanbul-2
xpeotbQq,2026-07-14,Deniz Dilek,Weronika Falkowska,Dilek D.,Falkowska W.,B,Weronika Falkowska,Deniz Dilek,7-5 6-7 2-6,R32,"[7, 6, 2]","[5, 7, 6]",12,Istanbul-2,Hard,istanbul-2
Ym67mtY9,2026-07-14,Khomutsianskaya Daria,Priska Madelyn Nugroho,Khomutsianskaya D.,Nugroho P. M.,A,Khomutsianskaya Daria,Priska Madelyn Nugroho,6-4 6-1,R32,"[6, 6]","[4, 1]",10,Istanbul-2,Hard,istanbul-2
6e34cxyI,2026-07-14,Anastasia Zakharova,Mariia Tkacheva,Zakharova A.,Tkacheva M.,A,Anastasia Zakharova,Mariia Tkacheva,6-4 3-6 6-4,R32,"[6, 3, 6]","[4, 6, 4]",10,Istanbul-2,Hard,istanbul-2
KxtHOEZG,2026-07-14,Harmony Tan,Lucie Havlickova,Tan H.,Havlickova L.,A,Harmony Tan,Lucie Havlickova,6-7 6-3 6-3,R32,"[6, 6, 6]","[7, 3, 3]",13,Istanbul-2,Hard,istanbul-2
614FoK2M,2026-07-14,Alexandra Shubladze,Isabella Shinikova,Shubladze A.,Shinikova I.,A,Alexandra Shubladze,Isabella Shinikova,7-5 7-6,R32,"[7, 7]","[5, 6]",12,Istanbul-2,Hard,istanbul-2
Ys5dab65,2026-07-13,Anastasia Gasanova,Susan Bandecchi,Gasanova A.,Bandecchi S.,A,Anastasia Gasanova,Susan Bandecchi,7-6 6-4,R32,"[7, 6]","[6, 4]",13,Istanbul-2,Hard,istanbul-2
EL6CeG5U,2026-07-13,Kyoka Okamura,Lanlana Tararudee,Okamura K.,Tararudee L.,B,Lanlana Tararudee,Kyoka Okamura,2-6 1-6,R32,"[2, 1]","[6, 6]",8,Istanbul-2,Hard,istanbul-2
4pnMFJjn,2026-07-13,Zhuoxuan Bai,Tatiana Prozorova,Bai Z.,Prozorova T.,B,Tatiana Prozorova,Zhuoxuan Bai,3-6 1-6,R32,"[3, 1]","[6, 6]",9,Istanbul-2,Hard,istanbul-2
nPs9Qz54,2026-07-13,Gabriela Knutson,Irem Kurt,Knutson G.,Kurt I.,A,Gabriela Knutson,Irem Kurt,6-4 4-6 6-0,R32,"[6, 4, 6]","[4, 6, 0]",10,Istanbul-2,Hard,istanbul-2
xbpUDcLb,2026-07-13,Kristina Penickova,Karman Kaur Thandi,Penickova K.,Thandi K. K.,A,Kristina Penickova,Karman Kaur Thandi,3-6 7-6 6-4,R32,"[3, 7, 6]","[6, 6, 4]",9,Istanbul-2,Hard,istanbul-2
fHP1Sdzh,2026-07-13,De Winkel Hanne Van,Carol Youngsuh Lee,Vandewinkel H.,Lee C. Y.,A,De Winkel Hanne Van,Carol Youngsuh Lee,6-3 6-3,R32,"[6, 6]","[3, 3]",9,Istanbul-2,Hard,istanbul-2
ImKCP9x1,2026-07-13,Rina Saigo,Priska Madelyn Nugroho,Saigo R.,Nugroho P. M.,B,Priska Madelyn Nugroho,Rina Saigo,4-6 2-6,F,"[4, 2]","[6, 6]",10,Istanbul-2,Hard,istanbul-2
IDTUJVnd,2026-07-13,Khomutsianskaya Daria,Ying Zhang,Khomutsianskaya D.,Zhang Y.,A,Khomutsianskaya Daria,Ying Zhang,1-6 6-4 7-5,F,"[1, 6, 7]","[6, 4, 5]",7,Istanbul-2,Hard,istanbul-2
GrbKt8Ca,2026-07-13,Varvara Panshina,Weronika Falkowska,Panshina V.,Falkowska W.,B,Weronika Falkowska,Varvara Panshina,4-6 4-6,F,"[4, 4]","[6, 6]",10,Istanbul-2,Hard,istanbul-2
lddSvnsC,2026-07-13,Isabella Shinikova,Yujia Huang,Shinikova I.,Huang Yujia,A,Isabella Shinikova,Yujia Huang,6-4 6-2,F,"[6, 6]","[4, 2]",10,Istanbul-2,Hard,istanbul-2
