league,team,h_for,h_against,a_for,a_against,n_home,n_away
b1,anderlecht,2.6666666666666665,2.5,1.25,2.875,6,8
b1,antwerp,2.2857142857142856,1.1428571428571428,3.25,1.875,7,8
b1,beerschot va,2.0,1.0,2.0,1.0,2,2
b1,cercle brugge ksv,2.8333333333333335,2.1666666666666665,3.2,2.2,6,5
b1,charleroi,2.125,2.875,2.625,2.375,8,8
b1,club brugge kv,4.0,1.0,2.8333333333333335,3.5,7,6
b1,dender,2.3333333333333335,1.6666666666666667,1.6666666666666667,3.3333333333333335,6,6
b1,genk,3.6666666666666665,2.3333333333333335,1.3333333333333333,2.5,9,6
b1,gent,3.1666666666666665,2.3333333333333335,2.2857142857142856,3.2857142857142856,6,7
b1,kv mechelen,2.3333333333333335,3.1666666666666665,1.875,3.0,6,8
b1,leuven,3.5,3.8333333333333335,2.625,2.25,6,8
b1,lommel sk,2.0,2.3333333333333335,0.5,4.5,3,2
b1,patro eisden,1.0,0.0,1.5,0.0,1,2
b1,raal la louviere,3.1666666666666665,2.0,1.6,3.2,6,5
b1,rfc liege,5.0,0.0,2.0,0.0,1,1
b1,royale union sg,2.2857142857142856,2.2857142857142856,2.3333333333333335,2.3333333333333335,7,6
b1,st. liege,1.8333333333333333,3.0,1.4444444444444444,4.333333333333333,6,9
b1,st. truiden,3.0,2.5,2.5,2.1666666666666665,6,6
b1,waregem,2.5,1.3333333333333333,2.4,2.2,6,5
b1,westerlo,2.4444444444444446,2.111111111111111,3.0,3.1666666666666665,9,6
b2,anderlecht u23,2.7142857142857144,2.5714285714285716,2.8333333333333335,2.3333333333333335,7,6
b2,beerschot va,3.1666666666666665,0.6666666666666666,3.0,1.0,6,6
b2,beveren,2.5,1.1666666666666667,2.2857142857142856,2.5714285714285716,6,7
b2,club brugge kv u23,1.1666666666666667,2.3333333333333335,2.0,3.1666666666666665,6,6
b2,eupen,2.142857142857143,2.142857142857143,1.6,2.8,7,5
b2,francs borains,2.6666666666666665,2.6666666666666665,1.4285714285714286,3.142857142857143,6,7
b2,genk u23,2.142857142857143,2.0,3.0,1.0,7,6
b2,gent u23,3.0,2.4285714285714284,1.5,2.3333333333333335,7,6
b2,k. lierse s.k.,1.7142857142857142,2.5714285714285716,1.5714285714285714,2.7142857142857144,7,7
b2,kortrijk,4.0,1.6666666666666667,2.8,2.6,6,5
b2,lommel sk,3.142857142857143,2.142857142857143,1.0,3.0,7,5
b2,oc charleroi,2.0,2.0,1.4285714285714286,3.7142857142857144,5,7
b2,patro eisden,1.8333333333333333,1.8333333333333333,1.5,2.0,6,6
b2,rfc liege,3.6666666666666665,2.0,2.5,1.8333333333333333,6,6
b2,rwdm brussels,1.0,2.8,1.4285714285714286,3.2857142857142856,5,7
b2,seraing,1.8,1.8,2.0,1.8571428571428572,5,7
b2,sporting lokeren,3.0,0.8333333333333334,2.1666666666666665,2.5,6,6
d1,augsburg,2.6,2.0,1.8571428571428572,3.4285714285714284,5,7
d1,b. monchengladbach,1.1666666666666667,2.0,1.8333333333333333,2.1666666666666665,6,6
d1,bayer leverkusen,2.6666666666666665,1.3333333333333333,2.142857142857143,2.2857142857142856,6,7
d1,bayern munich,3.5,1.8333333333333333,1.0,2.3333333333333335,6,6
d1,dortmund,3.5,0.8333333333333334,1.5,2.6666666666666665,6,6
d1,eintracht frankfurt,2.5,2.1666666666666665,1.5,3.6666666666666665,6,6
d1,elversberg,0.0,2.0,2.0,2.0,1,1
d1,fc koln,2.3333333333333335,2.3333333333333335,2.6666666666666665,1.3333333333333333,6,6
d1,freiburg,1.8571428571428572,0.8571428571428571,1.0,2.2,7,5
d1,hamburger sv,1.3333333333333333,2.3333333333333335,1.3333333333333333,3.1666666666666665,6,6
d1,heidenheim,1.0,1.7142857142857142,2.142857142857143,1.8571428571428572,7,7
d1,hoffenheim,4.333333333333333,1.0,1.8333333333333333,1.8333333333333333,6,6
d1,mainz,3.6,2.8,2.1666666666666665,2.5,5,6
d1,rb leipzig,2.6666666666666665,1.3333333333333333,1.3333333333333333,2.1666666666666665,6,6
d1,st. pauli,2.5714285714285716,2.2857142857142856,2.0,2.2,7,5
d1,stuttgart,4.5,1.6666666666666667,3.1666666666666665,2.3333333333333335,6,6
d1,union berlin,2.1666666666666665,2.6666666666666665,1.6666666666666667,3.1666666666666665,6,6
d1,werder bremen,2.8333333333333335,1.1666666666666667,1.6666666666666667,3.6666666666666665,6,6
d1,wolfsburg,2.6666666666666665,2.8333333333333335,1.8333333333333333,3.8333333333333335,6,6
d2,arminia bielefeld,3.5,1.1666666666666667,2.4,3.0,6,5
d2,bochum,1.4,1.2,0.8333333333333334,4.333333333333333,5,6
d2,braunschweig,3.1666666666666665,1.1666666666666667,1.75,2.75,6,8
d2,darmstadt,1.8333333333333333,3.1666666666666665,1.1666666666666667,2.8333333333333335,6,6
d2,dusseldorf,3.4,1.8,1.8571428571428572,1.1428571428571428,5,7
d2,elversberg,2.2857142857142856,0.7142857142857143,2.2,2.2,7,5
d2,greuther furth,1.1666666666666667,2.0,1.4,2.0,6,5
d2,hannover,3.857142857142857,2.0,1.2,2.2,7,5
d2,hertha berlin,2.6,1.2,2.4285714285714284,2.5714285714285716,5,7
d2,holstein kiel,2.1666666666666665,1.8333333333333333,2.6666666666666665,1.5,6,6
d2,kaiserslautern,3.4,1.4,0.5714285714285714,3.142857142857143,5,7
d2,karlsruher sc,1.2857142857142858,2.2857142857142856,0.4,1.4,7,5
d2,magdeburg,2.0,1.6666666666666667,1.5,2.1666666666666665,6,6
d2,nurnberg,2.6,2.2,2.0,1.6666666666666667,5,6
d2,paderborn,2.6666666666666665,1.6666666666666667,1.5,1.5,6,6
d2,preussen munster,2.0,2.5,2.0,3.6666666666666665,6,6
d2,saarbrucken,0.0,2.0,1.0,3.0,1,1
d2,schalke,2.2857142857142856,0.8571428571428571,2.4,2.2,7,5
d2,sg dynamo dresden,2.1666666666666665,2.3333333333333335,3.0,2.5,6,6
dk1,aalborg,2.7017543859649122,2.210526315789474,0.0,0.0,0,1
dk1,aarhus,3.3,1.1,2.0,2.111111111111111,10,9
dk1,brondby,1.4444444444444444,3.6666666666666665,1.9,3.0,9,10
dk1,fc copenhagen,4.1,2.7,2.3333333333333335,1.4444444444444444,10,9
dk1,fredericia,2.3333333333333335,2.4444444444444446,2.0,3.5555555555555554,9,9
dk1,lyngby,0.0,0.0,2.210526315789474,2.7017543859649122,1,0
dk1,midtjylland,2.888888888888889,0.8888888888888888,3.5,2.2,9,10
dk1,nordsjaelland,4.222222222222222,1.4444444444444444,1.5,2.5,9,10
dk1,odense,2.375,2.25,2.111111111111111,4.0,8,9
dk1,randers fc,2.8181818181818183,2.1818181818181817,2.4444444444444446,2.3333333333333335,11,9
dk1,silkeborg,2.6,2.7,1.8888888888888888,2.888888888888889,10,9
dk1,sonderjyske,2.4444444444444446,2.888888888888889,1.8,3.1,9,10
dk1,vejle,1.7,2.8,2.4444444444444446,3.4444444444444446,10,9
dk1,viborg,2.3333333333333335,1.6666666666666667,2.8,2.2,9,10
e0,arsenal,3.1666666666666665,1.3333333333333333,3.0,2.0,6,5
e0,aston villa,2.1666666666666665,3.6666666666666665,2.6666666666666665,1.8333333333333333,6,6
e0,bournemouth,3.857142857142857,1.5714285714285714,1.5,2.5,7,6
e0,brentford,2.3333333333333335,3.1666666666666665,2.0,3.3333333333333335,6,6
e0,brighton,2.2,2.4,2.857142857142857,3.5714285714285716,5,7
e0,burnley,2.4,4.0,1.5,3.0,5,6
e0,chelsea,2.6666666666666665,1.6666666666666667,3.3333333333333335,2.3333333333333335,6,6
e0,crystal palace,1.6666666666666667,3.1666666666666665,2.0,4.285714285714286,6,7
e0,everton,2.1666666666666665,2.5,1.8333333333333333,4.166666666666667,6,6
e0,fulham,2.1666666666666665,3.3333333333333335,1.6666666666666667,3.1666666666666665,6,6
e0,ipswich,0.0,0.0,2.322314049586777,2.7851239669421486,1,0
e0,leeds,3.0,2.0,1.6,4.2,6,5
e0,leicester,2.7851239669421486,2.322314049586777,1.0,3.0,0,1
e0,liverpool,3.1666666666666665,2.0,2.8333333333333335,1.5,6,6
e0,manchester city,3.5,1.3333333333333333,4.142857142857143,1.4285714285714286,6,7
e0,manchester utd,3.0,2.142857142857143,2.2,2.2,7,5
e0,newcastle,3.857142857142857,1.8571428571428572,1.2,2.6,7,5
e0,nottingham,3.0,0.8333333333333334,2.8333333333333335,2.8333333333333335,6,6
e0,southampton,3.0,5.0,2.322314049586777,2.7851239669421486,1,0
e0,sunderland,3.6,3.2,1.6666666666666667,3.6666666666666665,5,6
e0,tottenham,3.8333333333333335,2.5,2.8333333333333335,1.8333333333333333,6,6
e0,west ham,1.8,1.8,2.142857142857143,3.0,5,7
e0,wolves,2.0,2.5,2.3333333333333335,2.0,6,6
e1,birmingham,3.75,3.5,2.25,2.0,4,4
e1,blackburn,1.0,3.5,3.5,3.5,4,4
e1,bristol city,0.5,3.25,2.0,2.5,4,4
e1,charlton,1.4,2.2,0.6666666666666666,3.0,5,3
e1,coventry,2.5,1.0,2.75,0.75,4,4
e1,derby,3.0,1.0,1.0,3.75,4,4
e1,hull,0.2,2.8,3.6,3.0,5,5
e1,ipswich,4.0,1.25,1.8,2.8,4,5
e1,leicester,3.25,3.25,4.0,2.25,4,4
e1,middlesbrough,7.2,0.8,3.2,2.0,5,5
e1,millwall,5.5,3.0,2.3333333333333335,3.6666666666666665,4,6
e1,norwich,4.25,1.75,2.8,1.2,4,5
e1,oxford utd,1.75,1.5,1.25,4.5,4,4
e1,portsmouth,2.75,3.5,1.6,2.8,4,5
e1,preston,4.0,1.75,2.75,2.25,4,4
e1,qpr,2.2,2.2,2.0,3.3333333333333335,5,3
e1,sheffield utd,2.8333333333333335,2.5,2.0,2.6666666666666665,6,3
e1,sheffield wed,2.0,2.0,1.0,3.4,3,5
e1,southampton,3.142857142857143,1.5714285714285714,2.0,4.0,7,4
e1,stoke,3.25,0.5,3.25,3.0,4,4
e1,sunderland,2.7788461538461537,2.2115384615384617,3.0,1.0,0,1
e1,swansea,1.5,4.5,1.25,3.75,4,4
e1,watford,2.8,2.0,1.75,2.0,5,4
e1,west brom,2.0,2.25,2.25,1.75,4,4
e1,wrexham,1.0,2.0,1.5,3.1666666666666665,3,6
f1,angers,1.3333333333333333,2.1666666666666665,1.1666666666666667,2.8333333333333335,6,6
f1,auxerre,3.3333333333333335,1.0,1.5,2.1666666666666665,6,6
f1,brest,2.0,2.4,1.6666666666666667,4.666666666666667,5,6
f1,le havre,2.0,1.6,1.8571428571428572,3.0,5,7
f1,lens,4.0,1.0,3.5,3.0,5,6
f1,lille,2.8333333333333335,1.3333333333333333,1.3333333333333333,1.8333333333333333,6,6
f1,lorient,2.5,3.0,1.3333333333333333,3.8333333333333335,6,6
f1,lyon,3.0,2.1666666666666665,2.6666666666666665,3.8333333333333335,6,6
f1,marseille,2.8333333333333335,1.0,2.8,1.4,6,5
f1,metz,2.5714285714285716,2.7142857142857144,1.8333333333333333,3.8333333333333335,7,6
f1,monaco,2.4,2.2,3.5,0.6666666666666666,5,6
f1,nantes,2.5,2.1666666666666665,2.1666666666666665,2.6666666666666665,6,6
f1,nice,3.0,3.0,2.0,3.3333333333333335,6,6
f1,paris fc,3.6666666666666665,2.0,1.2,4.0,6,5
f1,psg,5.833333333333333,2.5,1.8,1.8,6,5
f1,red star,0.0,1.0,2.037037037037037,2.814814814814815,1,0
f1,reims,3.0,3.0,5.0,4.0,1,1
f1,rennes,2.6666666666666665,1.5,3.0,2.1666666666666665,6,6
f1,rodez,2.814814814814815,2.037037037037037,1.5,0.5,0,2
f1,st etienne,1.0,2.0,2.037037037037037,2.814814814814815,1,0
f1,strasbourg,3.0,2.7142857142857144,1.2,3.2,7,5
f1,toulouse,1.6,1.8,1.6666666666666667,2.8333333333333335,5,6
i1,ac milan,1.0,2.1666666666666665,1.5,1.3333333333333333,6,6
i1,as roma,3.0,1.3333333333333333,1.8333333333333333,2.3333333333333335,6,6
i1,atalanta,3.1666666666666665,2.6666666666666665,1.3333333333333333,1.5,6,6
i1,bologna,2.5,2.0,1.6666666666666667,1.8333333333333333,6,6
i1,cagliari,1.6666666666666667,1.8333333333333333,2.2,3.2,6,5
i1,como,4.166666666666667,0.8333333333333334,2.6,1.8,6,5
i1,cremonese,2.0,2.1666666666666665,2.6,1.8,6,5
i1,empoli,6.0,0.0,1.9396551724137931,2.396551724137931,1,0
i1,fiorentina,2.0,1.4,1.7142857142857142,1.8571428571428572,5,7
i1,genoa,1.0,1.6,1.8333333333333333,2.0,5,6
i1,inter,3.6,2.4,1.8333333333333333,1.0,5,6
i1,juventus,4.166666666666667,1.8333333333333333,2.5,1.6666666666666667,6,6
i1,lazio,2.0,1.6666666666666667,1.5,2.6666666666666665,6,6
i1,lecce,0.75,2.25,2.5714285714285716,3.0,4,7
i1,monza,2.396551724137931,1.9396551724137931,3.0,3.0,0,1
i1,napoli,4.428571428571429,1.7142857142857142,3.5,0.75,7,4
i1,parma,1.5,1.75,2.0,3.857142857142857,4,7
i1,pisa,0.6666666666666666,2.3333333333333335,1.8,3.2,6,5
i1,sassuolo,2.0,2.8333333333333335,1.8,3.8,6,5
i1,torino,2.3333333333333335,2.3333333333333335,1.5,2.5,6,6
i1,udinese,1.8571428571428572,2.5714285714285716,1.4,3.2,7,5
i1,venezia,3.0,2.0,1.9396551724137931,2.396551724137931,1,0
i1,verona,2.2,1.2,1.5,4.166666666666667,5,6
i2,avellino,2.0,0.4,1.6666666666666667,3.5,5,6
i2,bari,2.6666666666666665,2.1666666666666665,0.8,4.2,6,5
i2,carrarese,2.8,2.6,3.2,3.4,5,5
i2,catanzaro,2.75,1.75,1.7142857142857142,1.5714285714285714,8,7
i2,cesena,1.8,2.4,2.0,3.2,5,5
i2,cremonese,1.5,2.5,2.5,1.5,2,2
i2,empoli,3.5,2.25,1.5,4.666666666666667,4,6
i2,entella,2.0,2.4,1.2,2.2,5,5
i2,frosinone,5.0,1.6666666666666667,2.0,2.0,6,4
i2,juve stabia,2.5714285714285716,2.142857142857143,1.625,2.0,7,8
i2,mantova,2.4,2.2,1.2,2.2,5,5
i2,modena,2.0,2.0,3.0,3.0,6,5
i2,monza,3.1666666666666665,1.3333333333333333,2.3333333333333335,1.3333333333333333,6,6
i2,padova,1.8,3.0,1.2,2.6,5,5
i2,palermo,1.6,0.6,3.0,2.7142857142857144,5,7
i2,pescara,1.6,1.4,2.4,1.2,5,5
i2,reggiana,1.8,2.6,2.4,2.0,5,5
i2,salernitana,2.0,4.0,0.0,5.0,1,1
i2,sampdoria,3.5,1.8333333333333333,2.3333333333333335,2.6666666666666665,6,6
i2,spezia,2.4285714285714284,1.5714285714285714,1.7142857142857142,2.2857142857142856,7,7
i2,sudtirol,2.0,2.3333333333333335,1.2,1.4,6,5
i2,venezia,3.0,2.0,2.6,2.4,5,5
n1,ajax,2.8333333333333335,1.8333333333333333,1.8333333333333333,3.0,6,6
n1,az alkmaar,2.25,2.0,1.6666666666666667,3.8333333333333335,8,6
n1,den bosch,1.0,4.0,3.0,1.0,1,1
n1,dordrecht,7.0,1.0,3.0,3.0,1,1
n1,excelsior,3.5,1.3333333333333333,1.8333333333333333,3.0,6,6
n1,fc volendam,1.4,2.8,1.3333333333333333,3.6666666666666665,5,6
n1,feyenoord,4.333333333333333,1.3333333333333333,3.0,0.8333333333333334,6,6
n1,g.a. eagles,2.6666666666666665,3.0,2.3333333333333335,5.666666666666667,6,6
n1,groningen,2.1666666666666665,2.8333333333333335,4.5,2.1666666666666665,6,6
n1,heerenveen,2.8333333333333335,1.6666666666666667,1.4285714285714286,2.7142857142857144,6,7
n1,heracles,2.5714285714285716,3.5714285714285716,2.0,2.4,7,5
n1,nac breda,3.2,1.8,2.7142857142857144,2.857142857142857,5,7
n1,nijmegen,4.5,1.5,2.142857142857143,2.142857142857143,6,7
n1,psv,3.0,2.6666666666666665,3.0,1.8,6,5
n1,sittard,2.1666666666666665,3.0,1.5,3.5,6,6
n1,sparta rotterdam,2.5,2.1666666666666665,2.3333333333333335,3.6666666666666665,6,6
n1,telstar,2.75,2.875,1.5,2.25,8,8
n1,twente,2.2857142857142856,1.2857142857142858,2.4285714285714284,1.5714285714285714,7,7
n1,utrecht,2.6666666666666665,2.0,3.0,2.3333333333333335,6,6
n1,willem ii,2.5,2.0,0.5,5.5,2,2
n1,zwolle,2.8333333333333335,2.5,2.5,2.8333333333333335,6,6
p1,afs,1.8333333333333333,4.0,2.2857142857142856,2.7142857142857144,6,7
p1,alverca,2.0,2.6,3.3333333333333335,1.8333333333333333,5,6
p1,arouca,1.4,3.4,1.5,2.3333333333333335,5,6
p1,benfica,4.4,1.2,4.5,1.3333333333333333,5,6
p1,braga,1.0,1.6666666666666667,2.2,2.0,6,5
p1,casa pia,1.8333333333333333,2.5,2.7142857142857144,2.2857142857142856,6,7
p1,estoril,1.1666666666666667,3.6666666666666665,1.8333333333333333,1.5,6,6
p1,estrela,1.4,3.2,1.6666666666666667,2.5,5,6
p1,famalicao,3.8333333333333335,1.8333333333333333,2.6666666666666665,1.5,6,6
p1,fc porto,3.4285714285714284,0.7142857142857143,3.2,1.4,7,5
p1,gil vicente,1.6666666666666667,1.1666666666666667,1.6666666666666667,2.8333333333333335,6,6
p1,moreirense,2.3333333333333335,3.0,1.8,2.8,6,5
p1,nacional,2.1666666666666665,3.1666666666666665,3.4,3.4,6,5
p1,rio ave,3.3333333333333335,2.6666666666666665,1.1666666666666667,2.1666666666666665,6,6
p1,santa clara,1.6,1.8,2.3333333333333335,3.3333333333333335,5,6
p1,sporting cp,3.0,2.6666666666666665,4.0,1.4,6,5
p1,tondela,2.1666666666666665,2.6666666666666665,1.2,3.4,6,5
p1,torreense,1.0,3.0,2.4571428571428573,2.238095238095238,1,0
p1,vitoria guimaraes,1.4,2.4,2.8333333333333335,1.5,5,6
p1,vizela,3.0,3.0,3.0,3.0,1,1
ro1,cfr cluj,3.0,0.8571428571428571,1.8571428571428572,3.142857142857143,7,7
ro1,csikszereda m. ciuc,2.8333333333333335,3.8333333333333335,0.5714285714285714,1.8571428571428572,6,7
ro1,dinamo bucuresti,2.7142857142857144,1.0,1.8571428571428572,2.7142857142857144,7,7
ro1,farul constanta,3.2857142857142856,1.5714285714285714,2.6666666666666665,2.1666666666666665,7,6
ro1,fc arges,2.0,2.7142857142857144,2.8,2.4,7,5
ro1,fc botosani,2.857142857142857,1.8571428571428572,2.1666666666666665,3.3333333333333335,7,6
ro1,fc hermannstadt,3.6666666666666665,2.5,2.4285714285714284,3.2857142857142856,6,7
ro1,fc rapid bucuresti,2.1666666666666665,1.6666666666666667,2.75,3.375,6,8
ro1,fc voluntari,2.0,4.0,1.0,0.0,1,1
ro1,fcsb,4.714285714285714,1.7142857142857142,1.5714285714285714,2.142857142857143,7,7
ro1,metaloglobus bucharest,2.857142857142857,1.8571428571428572,1.875,4.625,7,8
ro1,otelul,2.0,2.142857142857143,1.3333333333333333,3.6666666666666665,7,6
ro1,petrolul,3.4,1.6,2.2857142857142856,2.7142857142857144,5,7
ro1,poli iasi,3.0,2.0,5.0,1.0,1,1
ro1,u. cluj,3.0,1.7142857142857142,1.8571428571428572,2.4285714285714284,7,7
ro1,unirea slobozia,1.7142857142857142,2.857142857142857,1.5,3.75,7,8
ro1,univ. craiova,2.75,2.25,0.8333333333333334,1.1666666666666667,8,6
ro1,uta arad,2.4285714285714284,1.7142857142857142,3.6666666666666665,2.1666666666666665,7,6
rs1,crvena zvezda,4.125,1.25,2.6666666666666665,1.0,8,6
rs1,cukaricki,1.2857142857142858,1.7142857142857142,1.8571428571428572,2.5714285714285716,7,7
rs1,imt novi beograd,2.0,2.7142857142857144,2.4285714285714284,1.4285714285714286,7,7
rs1,javor,2.5,1.875,1.6,2.8,8,5
rs1,jedinstvo u.,2.3189655172413794,1.8448275862068966,0.0,1.0,0,1
rs1,macva,1.0,6.0,0.0,6.0,1,1
rs1,mladost,2.6,1.2,1.1111111111111112,2.7777777777777777,5,9
rs1,mladost gat,2.0,2.0,0.0,6.0,1,1
rs1,napredak,1.8571428571428572,2.7142857142857144,2.4444444444444446,2.5555555555555554,7,9
rs1,novi pazar,1.8333333333333333,2.3333333333333335,0.875,2.375,6,8
rs1,ofk beograd mozzart bet,2.375,1.875,1.8333333333333333,1.8333333333333333,8,6
rs1,partizan,2.857142857142857,1.2857142857142858,1.0,2.7142857142857144,7,7
rs1,radnicki 1923,2.0,1.5714285714285714,2.2857142857142856,1.8571428571428572,7,7
rs1,radnicki nis,2.25,1.25,2.5,2.125,8,8
rs1,radnik,2.7142857142857144,1.1428571428571428,1.8333333333333333,2.3333333333333335,7,6
rs1,sp. subotica,1.875,2.375,1.8333333333333333,3.5,8,6
rs1,tekstilac odzaci,2.3189655172413794,1.8448275862068966,1.0,5.0,0,1
rs1,tsc,2.125,2.375,3.0,2.1666666666666665,8,6
rs1,vojvodina,2.4285714285714284,1.8571428571428572,1.8571428571428572,2.7142857142857144,7,7
rs1,zeleznicar pancevo,2.3333333333333335,1.1666666666666667,1.625,1.125,6,8
sa1,al ahli sc,1.8333333333333333,2.5,2.25,1.875,6,8
sa1,al ettifaq,1.6666666666666667,3.1666666666666665,2.2857142857142856,2.5714285714285716,6,7
sa1,al fateh,2.0,2.4285714285714284,1.0,2.8333333333333335,7,6
sa1,al fayha,2.5714285714285716,3.0,2.0,2.1666666666666665,7,6
sa1,al hazem,2.1666666666666665,2.1666666666666665,2.6666666666666665,1.8333333333333333,6,6
sa1,al hilal,3.4285714285714284,2.2857142857142856,2.857142857142857,1.8571428571428572,7,7
sa1,al ittihad,2.8333333333333335,1.3333333333333333,2.0,2.875,6,8
sa1,al khaleej,2.7777777777777777,2.6666666666666665,1.5,2.6666666666666665,9,6
sa1,al kholood,1.6,2.4,1.625,1.625,5,8
sa1,al najma,2.2857142857142856,3.4285714285714284,1.0,2.6,7,5
sa1,al nassr,3.2857142857142856,1.2857142857142858,3.5714285714285716,2.0,7,7
sa1,al okhdood,1.5,3.1666666666666665,2.4285714285714284,3.142857142857143,6,7
sa1,al orubah,1.0,4.0,3.0,2.0,1,1
sa1,al qadsiah,3.2857142857142856,2.0,2.8333333333333335,1.3333333333333333,7,6
sa1,al raed,1.0,1.0,4.0,1.0,1,1
sa1,al riyadh,1.5,3.0,2.142857142857143,3.7142857142857144,6,7
sa1,al shabab,2.375,2.125,3.1666666666666665,2.0,8,6
sa1,al taawon,2.857142857142857,0.42857142857142855,1.6666666666666667,3.5,7,6
sa1,al wehda,2.0,1.0,5.0,0.0,1,1
sa1,damac,2.142857142857143,1.4285714285714286,1.3333333333333333,3.0,7,6
sa1,neom sc,3.0,1.8,2.857142857142857,2.4285714285714284,5,7
sp1,alaves,4.166666666666667,2.1666666666666665,1.6666666666666667,4.0,6,6
sp1,ath bilbao,3.3333333333333335,2.0,2.6,2.8,6,5
sp1,atl. madrid,2.8,1.2,2.0,3.1666666666666665,5,6
sp1,barcelona,3.0,2.3333333333333335,2.8,2.0,6,5
sp1,betis,2.0,1.5,1.6666666666666667,2.6666666666666665,6,6
sp1,celta vigo,1.25,0.5,1.0,2.4285714285714284,4,7
sp1,elche,3.6,1.4,0.8333333333333334,2.3333333333333335,5,6
sp1,espanyol,3.3333333333333335,2.6666666666666665,2.5,2.6666666666666665,6,6
sp1,getafe,2.0,1.3333333333333333,1.8333333333333333,2.3333333333333335,6,6
sp1,girona,1.8333333333333333,1.3333333333333333,0.8,3.8,6,5
sp1,las palmas,2.773913043478261,1.791304347826087,3.0,1.0,0,1
sp1,leganes,2.0,1.0,1.791304347826087,2.773913043478261,1,0
sp1,levante,3.0,1.2,1.0,3.0,5,5
sp1,mallorca,2.2,3.2,1.8333333333333333,3.1666666666666665,5,6
sp1,osasuna,3.1666666666666665,1.6666666666666667,1.2,3.4,6,5
sp1,oviedo,2.3333333333333335,2.6666666666666665,1.0,3.0,6,5
sp1,rayo vallecano,3.2857142857142856,2.4285714285714284,1.8,3.4,7,5
sp1,real madrid,3.8333333333333335,1.3333333333333333,3.4,2.0,6,5
sp1,real sociedad,3.1666666666666665,1.3333333333333333,2.6,2.8,6,5
sp1,sevilla,2.8333333333333335,2.1666666666666665,2.1666666666666665,2.0,6,6
sp1,valencia,2.0,1.0,1.7142857142857142,2.4285714285714284,5,7
sp1,valladolid,2.773913043478261,1.791304347826087,1.0,2.0,0,1
sp1,villarreal,1.8333333333333333,1.8333333333333333,1.6666666666666667,2.8333333333333335,6,6
sp2,albacete,3.6666666666666665,1.8333333333333333,1.8333333333333333,5.333333333333333,6,6
sp2,almeria,2.2857142857142856,2.7142857142857144,1.5,2.5,7,6
sp2,andorra,3.6666666666666665,2.0,1.25,0.75,6,4
sp2,burgos cf,3.0,1.1666666666666667,0.8333333333333334,2.0,6,6
sp2,cadiz cf,0.8333333333333334,1.5,1.0,2.6666666666666665,6,6
sp2,castellon,3.5714285714285716,1.5714285714285714,2.8,3.0,7,5
sp2,ceuta,1.2,2.6,1.2,2.8,5,5
sp2,cordoba,4.333333333333333,1.3333333333333333,2.5,3.1666666666666665,6,6
sp2,cultural leonesa,1.6,1.2,2.2,2.6,5,5
sp2,dep. la coruna,3.0,1.1428571428571428,2.4,2.2,7,5
sp2,eibar,2.2,2.6,1.8571428571428572,2.2857142857142856,5,7
sp2,elche,7.0,1.0,0.0,1.0,1,1
sp2,eldense,3.0,1.0,2.0,3.0,1,1
sp2,fc cartagena sad,1.0,1.0,1.0,2.0,1,1
sp2,gijon,2.6,1.6,2.142857142857143,3.4285714285714284,5,7
sp2,granada cf,2.6,1.6,1.1428571428571428,2.142857142857143,5,7
sp2,huesca,4.2,3.2,1.6666666666666667,2.5,5,6
sp2,las palmas,3.0,1.4,2.4,1.8,5,5
sp2,leganes,2.5,3.6666666666666665,1.5,4.0,6,4
sp2,levante,1.0,3.0,1.0,2.0,1,1
sp2,malaga,2.8,1.6,2.2857142857142856,3.2857142857142856,5,7
sp2,mirandes,3.25,1.75,2.0,3.0,8,8
sp2,oviedo,3.3333333333333335,1.3333333333333333,1.3333333333333333,1.0,3,3
sp2,racing club ferrol,2.0,2.0,1.0,6.0,1,1
sp2,racing santander,3.2857142857142856,2.0,2.2857142857142856,2.4285714285714284,7,7
sp2,real sociedad b,1.8,1.0,2.4,4.4,5,5
sp2,tenerife,0.0,0.0,4.0,0.0,1,1
sp2,valladolid,2.2,1.0,1.6,3.8,5,5
sp2,zaragoza,3.1666666666666665,2.6666666666666665,2.1666666666666665,2.6666666666666665,6,6
sw1,aarau,1.0,3.5,1.0,1.0,2,1
sw1,basel,2.3,2.8,2.625,2.875,10,8
sw1,grasshoppers,2.6363636363636362,2.1818181818181817,2.7,3.1,11,10
sw1,lausanne,2.75,1.25,2.8,2.5,8,10
sw1,lugano,1.5555555555555556,1.5555555555555556,2.3333333333333335,2.0,9,9
sw1,luzern,3.0,1.5555555555555556,2.0,2.2222222222222223,9,9
sw1,servette,2.0,2.8,1.625,2.5,10,8
sw1,sion,3.125,2.5,2.7,2.4,8,10
sw1,st. gallen,3.625,2.375,2.272727272727273,3.3636363636363638,8,11
sw1,thun,3.75,1.875,3.5555555555555554,1.3333333333333333,8,9
sw1,winterthur,2.3636363636363638,2.8181818181818183,2.0,3.375,11,8
sw1,young boys,3.888888888888889,1.8888888888888888,1.3333333333333333,2.5555555555555554,9,9
sw1,yverdon,2.0,2.0,2.3035714285714284,2.6785714285714284,1,0
sw1,zurich,2.0,3.625,1.7,3.9,8,10
tr1,adana demirspor,5.0,1.0,0.0,2.0,1,1
tr1,alanyaspor,2.142857142857143,2.142857142857143,2.0,2.142857142857143,7,7
tr1,antalyaspor,2.5714285714285716,2.4285714285714284,1.5714285714285714,3.0,7,7
tr1,basaksehir,1.2857142857142858,1.5714285714285714,2.5714285714285716,3.0,7,7
tr1,besiktas,3.2857142857142856,1.2857142857142858,2.7142857142857144,2.2857142857142856,7,7
tr1,bodrumspor,4.0,2.0,3.0,4.0,1,1
tr1,eyupspor,1.8571428571428572,1.7142857142857142,2.0,3.3333333333333335,7,6
tr1,fenerbahce,3.75,1.625,1.8333333333333333,2.6666666666666665,8,6
tr1,galatasaray,3.3333333333333335,0.8333333333333334,2.5,1.25,6,8
tr1,gaziantep,2.2857142857142856,2.7142857142857144,2.142857142857143,3.7142857142857144,7,7
tr1,genclerbirligi,1.1666666666666667,2.1666666666666665,2.1666666666666665,1.8333333333333333,6,6
tr1,goztepe,1.8571428571428572,1.7142857142857142,1.7142857142857142,2.4285714285714284,7,7
tr1,hatayspor,2.0,4.0,2.0,5.0,1,1
tr1,karagumruk,1.8333333333333333,2.5,2.1666666666666665,1.6666666666666667,6,6
tr1,kasimpasa,1.5714285714285714,3.4285714285714284,1.8571428571428572,1.1428571428571428,7,7
tr1,kayserispor,3.125,2.75,3.5,2.5,8,6
tr1,kocaelispor,1.8,2.2,1.5,1.1666666666666667,5,6
tr1,konyaspor,2.5714285714285716,1.1428571428571428,1.2857142857142858,2.142857142857143,7,7
tr1,rizespor,3.0,1.3333333333333333,2.0,3.2857142857142856,6,7
tr1,samsunspor,2.4285714285714284,2.5714285714285716,1.1428571428571428,3.857142857142857,7,7
tr1,sivasspor,2.464,2.064,2.0,2.0,0,1
tr1,trabzonspor,3.4285714285714284,2.7142857142857144,2.7142857142857144,2.4285714285714284,7,7
tr2,adana demirspor,0.5,3.75,0.8333333333333334,3.3333333333333335,4,6
tr2,amedspor,6.6,2.4,3.2,1.2,5,5
tr2,bandirmaspor,1.5,3.0,2.0,3.6666666666666665,6,6
tr2,bodrumspor,1.75,1.375,2.2,4.2,8,5
tr2,boluspor,2.5,1.3333333333333333,1.0,3.2,6,5
tr2,corum,4.125,0.625,2.0,1.8,8,5
tr2,erokspor,2.8,0.8,1.0,2.0,5,5
tr2,erzurumspor,2.6,1.6,0.4,2.4,5,5
tr2,hatayspor,1.4,1.8,1.2,4.2,5,5
tr2,igdir fk,2.0,3.0,2.2,1.8,5,5
tr2,istanbulspor as,3.2,1.8,1.0,3.2,5,5
tr2,karagumruk,2.0,3.0,1.7169811320754718,2.6792452830188678,1,0
tr2,keciorengucu,2.6,2.2,0.3333333333333333,1.8333333333333333,5,6
tr2,manisa fk,2.0,3.4,2.4,4.0,5,5
tr2,pendikspor,3.4,0.8,3.0,1.1666666666666667,5,6
tr2,sakaryaspor,2.0,1.4,2.8,1.8,5,5
tr2,sariyer,2.4,0.2,2.2,1.6,5,5
tr2,serik spor,2.25,2.25,1.5,2.5,4,6
tr2,sivasspor,3.4,0.4,2.0,3.6,5,5
tr2,umraniyespor,2.4,1.0,2.0,3.2,5,5
tr2,vanspor fk,4.0,2.25,1.3333333333333333,3.0,4,6
